"","Subject","IQquartile","Income2005"
"1",2,"1stQuartile",5500
"2",6,"4thQuartile",65000
"3",7,"2ndQuartile",19000
"4",8,"2ndQuartile",36000
"5",9,"3rdQuartile",65000
"6",13,"3rdQuartile",8000
"7",16,"2ndQuartile",71000
"8",17,"4thQuartile",43000
"9",18,"4thQuartile",120000
"10",20,"3rdQuartile",64000
"11",21,"4thQuartile",253043
"12",22,"4thQuartile",45300
"13",29,"1stQuartile",85000
"14",34,"1stQuartile",150432
"15",37,"2ndQuartile",37000
"16",38,"1stQuartile",70000
"17",39,"1stQuartile",67000
"18",41,"3rdQuartile",120000
"19",42,"1stQuartile",45000
"20",44,"2ndQuartile",7200
"21",46,"4thQuartile",42000
"22",47,"3rdQuartile",66309
"23",49,"3rdQuartile",34000
"24",57,"1stQuartile",12000
"25",58,"4thQuartile",55500
"26",61,"4thQuartile",63000
"27",62,"2ndQuartile",30000
"28",63,"4thQuartile",108000
"29",69,"4thQuartile",120000
"30",73,"4thQuartile",186135
"31",78,"4thQuartile",14657
"32",86,"1stQuartile",14000
"33",87,"1stQuartile",17000
"34",89,"4thQuartile",62000
"35",97,"3rdQuartile",49000
"36",105,"4thQuartile",40000
"37",106,"4thQuartile",105000
"38",107,"3rdQuartile",43000
"39",117,"4thQuartile",83000
"40",119,"1stQuartile",12000
"41",120,"4thQuartile",150000
"42",121,"4thQuartile",41000
"43",126,"3rdQuartile",85000
"44",129,"4thQuartile",80000
"45",133,"3rdQuartile",52000
"46",137,"4thQuartile",175829
"47",138,"4thQuartile",8000
"48",139,"4thQuartile",120000
"49",140,"3rdQuartile",65000
"50",141,"4thQuartile",44768
"51",143,"3rdQuartile",52000
"52",145,"3rdQuartile",10000
"53",146,"4thQuartile",50000
"54",147,"1stQuartile",12000
"55",148,"3rdQuartile",21800
"56",149,"2ndQuartile",95000
"57",152,"4thQuartile",85000
"58",156,"1stQuartile",14000
"59",158,"4thQuartile",35100
"60",160,"3rdQuartile",65000
"61",162,"4thQuartile",76000
"62",165,"2ndQuartile",50000
"63",166,"3rdQuartile",82000
"64",174,"2ndQuartile",48000
"65",179,"1stQuartile",29000
"66",184,"3rdQuartile",6000
"67",185,"3rdQuartile",34000
"68",186,"4thQuartile",65000
"69",188,"1stQuartile",15000
"70",190,"3rdQuartile",92000
"71",191,"4thQuartile",118000
"72",192,"4thQuartile",26000
"73",193,"2ndQuartile",105000
"74",195,"4thQuartile",348204
"75",197,"1stQuartile",17000
"76",198,"3rdQuartile",130000
"77",199,"1stQuartile",38000
"78",200,"1stQuartile",35000
"79",201,"4thQuartile",16000
"80",202,"3rdQuartile",55000
"81",207,"1stQuartile",32000
"82",210,"3rdQuartile",50000
"83",218,"4thQuartile",261763
"84",219,"3rdQuartile",102000
"85",220,"4thQuartile",105000
"86",228,"1stQuartile",1600
"87",230,"2ndQuartile",55000
"88",232,"2ndQuartile",45000
"89",233,"1stQuartile",39000
"90",234,"2ndQuartile",140000
"91",235,"3rdQuartile",98000
"92",236,"3rdQuartile",30000
"93",239,"1stQuartile",9000
"94",240,"2ndQuartile",38000
"95",242,"1stQuartile",75000
"96",243,"3rdQuartile",94600
"97",244,"3rdQuartile",5000
"98",245,"4thQuartile",25000
"99",247,"2ndQuartile",79000
"100",248,"1stQuartile",2000
"101",253,"2ndQuartile",20000
"102",256,"2ndQuartile",3000
"103",257,"3rdQuartile",22000
"104",259,"2ndQuartile",14000
"105",260,"4thQuartile",65000
"106",269,"4thQuartile",154541
"107",273,"3rdQuartile",61500
"108",274,"4thQuartile",45000
"109",275,"3rdQuartile",52000
"110",279,"3rdQuartile",64500
"111",281,"3rdQuartile",99000
"112",282,"4thQuartile",14000
"113",283,"1stQuartile",53000
"114",284,"2ndQuartile",90000
"115",285,"1stQuartile",35000
"116",290,"1stQuartile",19000
"117",294,"3rdQuartile",12000
"118",299,"1stQuartile",25000
"119",306,"1stQuartile",40000
"120",310,"1stQuartile",70000
"121",313,"1stQuartile",37000
"122",317,"4thQuartile",31500
"123",321,"3rdQuartile",69000
"124",323,"3rdQuartile",80000
"125",324,"1stQuartile",23000
"126",327,"4thQuartile",28000
"127",335,"3rdQuartile",10000
"128",341,"2ndQuartile",125000
"129",342,"4thQuartile",96000
"130",346,"2ndQuartile",120000
"131",348,"2ndQuartile",164307
"132",350,"2ndQuartile",100000
"133",351,"1stQuartile",39000
"134",354,"3rdQuartile",9600
"135",355,"2ndQuartile",120000
"136",356,"2ndQuartile",50000
"137",357,"3rdQuartile",80000
"138",358,"1stQuartile",110000
"139",359,"2ndQuartile",60000
"140",360,"4thQuartile",34000
"141",362,"1stQuartile",48000
"142",367,"3rdQuartile",58000
"143",369,"4thQuartile",12000
"144",370,"4thQuartile",20000
"145",373,"1stQuartile",9000
"146",375,"1stQuartile",17500
"147",376,"4thQuartile",47000
"148",377,"2ndQuartile",10000
"149",381,"2ndQuartile",105000
"150",385,"2ndQuartile",41500
"151",386,"3rdQuartile",43000
"152",388,"4thQuartile",70000
"153",391,"1stQuartile",35000
"154",392,"4thQuartile",60000
"155",393,"3rdQuartile",68000
"156",399,"3rdQuartile",62500
"157",400,"4thQuartile",75000
"158",401,"1stQuartile",11500
"159",405,"1stQuartile",26000
"160",408,"4thQuartile",68000
"161",409,"4thQuartile",180733
"162",410,"3rdQuartile",31085
"163",411,"1stQuartile",16000
"164",414,"3rdQuartile",21000
"165",418,"3rdQuartile",28000
"166",422,"4thQuartile",55000
"167",426,"1stQuartile",82000
"168",433,"1stQuartile",21528
"169",434,"3rdQuartile",59000
"170",437,"3rdQuartile",22000
"171",438,"4thQuartile",36000
"172",439,"3rdQuartile",77000
"173",442,"3rdQuartile",15000
"174",443,"4thQuartile",47000
"175",444,"4thQuartile",1500
"176",445,"4thQuartile",40000
"177",446,"1stQuartile",32000
"178",449,"2ndQuartile",14000
"179",453,"3rdQuartile",40300
"180",456,"2ndQuartile",50000
"181",457,"4thQuartile",53000
"182",458,"4thQuartile",65000
"183",459,"4thQuartile",10000
"184",460,"1stQuartile",21400
"185",461,"4thQuartile",85000
"186",464,"4thQuartile",78000
"187",465,"4thQuartile",12000
"188",467,"4thQuartile",20000
"189",470,"1stQuartile",46000
"190",479,"3rdQuartile",86000
"191",480,"2ndQuartile",60000
"192",481,"4thQuartile",388725
"193",482,"3rdQuartile",122000
"194",484,"1stQuartile",30000
"195",485,"1stQuartile",12000
"196",486,"2ndQuartile",196424
"197",489,"3rdQuartile",85000
"198",491,"1stQuartile",20000
"199",495,"3rdQuartile",29821
"200",496,"4thQuartile",25000
"201",499,"2ndQuartile",36000
"202",500,"3rdQuartile",53000
"203",501,"4thQuartile",25000
"204",502,"3rdQuartile",90000
"205",503,"2ndQuartile",23000
"206",505,"1stQuartile",28000
"207",506,"2ndQuartile",43000
"208",520,"1stQuartile",73000
"209",521,"2ndQuartile",80000
"210",527,"3rdQuartile",50000
"211",533,"2ndQuartile",5000
"212",535,"2ndQuartile",20000
"213",540,"1stQuartile",60000
"214",543,"1stQuartile",98000
"215",547,"2ndQuartile",69000
"216",548,"3rdQuartile",15000
"217",550,"4thQuartile",22000
"218",553,"4thQuartile",10000
"219",554,"4thQuartile",1100
"220",556,"4thQuartile",147000
"221",557,"4thQuartile",1200
"222",558,"4thQuartile",36000
"223",560,"3rdQuartile",78500
"224",561,"3rdQuartile",42000
"225",562,"3rdQuartile",55000
"226",564,"2ndQuartile",5000
"227",565,"2ndQuartile",55000
"228",583,"3rdQuartile",36000
"229",585,"1stQuartile",25000
"230",594,"2ndQuartile",80000
"231",597,"1stQuartile",500
"232",604,"3rdQuartile",40000
"233",606,"3rdQuartile",35000
"234",608,"4thQuartile",27000
"235",609,"2ndQuartile",32000
"236",612,"2ndQuartile",46136
"237",613,"2ndQuartile",95000
"238",616,"1stQuartile",25000
"239",622,"2ndQuartile",36500
"240",631,"1stQuartile",18000
"241",632,"1stQuartile",4000
"242",636,"2ndQuartile",40000
"243",639,"3rdQuartile",35000
"244",640,"3rdQuartile",42000
"245",645,"4thQuartile",163172
"246",646,"1stQuartile",12500
"247",647,"2ndQuartile",61000
"248",649,"4thQuartile",110000
"249",650,"3rdQuartile",58000
"250",653,"4thQuartile",96000
"251",659,"2ndQuartile",75000
"252",662,"3rdQuartile",22000
"253",663,"3rdQuartile",85000
"254",664,"2ndQuartile",43000
"255",665,"3rdQuartile",30000
"256",667,"3rdQuartile",58000
"257",669,"4thQuartile",29000
"258",671,"4thQuartile",10000
"259",674,"1stQuartile",50000
"260",675,"1stQuartile",8400
"261",679,"1stQuartile",20000
"262",681,"1stQuartile",5000
"263",683,"2ndQuartile",52000
"264",684,"1stQuartile",72000
"265",686,"4thQuartile",57000
"266",688,"2ndQuartile",23000
"267",692,"2ndQuartile",45000
"268",697,"1stQuartile",50000
"269",701,"1stQuartile",9800
"270",703,"2ndQuartile",3000
"271",704,"2ndQuartile",56000
"272",707,"1stQuartile",48000
"273",709,"1stQuartile",41167
"274",711,"2ndQuartile",40000
"275",712,"4thQuartile",41000
"276",713,"1stQuartile",11000
"277",714,"1stQuartile",20000
"278",717,"1stQuartile",40000
"279",719,"1stQuartile",48000
"280",720,"2ndQuartile",35000
"281",721,"1stQuartile",22000
"282",722,"2ndQuartile",57500
"283",723,"1stQuartile",25000
"284",724,"4thQuartile",20000
"285",725,"4thQuartile",74000
"286",728,"1stQuartile",30000
"287",730,"3rdQuartile",100000
"288",731,"2ndQuartile",40000
"289",732,"2ndQuartile",35000
"290",733,"1stQuartile",28820
"291",745,"2ndQuartile",41000
"292",746,"3rdQuartile",35500
"293",747,"3rdQuartile",50300
"294",748,"1stQuartile",34000
"295",751,"1stQuartile",55000
"296",752,"4thQuartile",120000
"297",755,"2ndQuartile",37000
"298",756,"1stQuartile",26000
"299",757,"1stQuartile",35000
"300",758,"1stQuartile",20000
"301",761,"2ndQuartile",25000
"302",762,"2ndQuartile",12000
"303",763,"2ndQuartile",23000
"304",764,"2ndQuartile",21000
"305",769,"2ndQuartile",3000
"306",772,"2ndQuartile",74000
"307",774,"2ndQuartile",35000
"308",776,"4thQuartile",115000
"309",777,"4thQuartile",85000
"310",778,"4thQuartile",30000
"311",779,"3rdQuartile",26000
"312",784,"2ndQuartile",30000
"313",789,"2ndQuartile",15000
"314",792,"1stQuartile",30000
"315",793,"3rdQuartile",30000
"316",796,"4thQuartile",58000
"317",797,"3rdQuartile",72000
"318",799,"2ndQuartile",53000
"319",800,"2ndQuartile",54000
"320",801,"1stQuartile",19327
"321",802,"1stQuartile",30000
"322",804,"2ndQuartile",16000
"323",806,"1stQuartile",35000
"324",807,"3rdQuartile",70000
"325",810,"4thQuartile",115000
"326",811,"3rdQuartile",16000
"327",812,"4thQuartile",10500
"328",813,"4thQuartile",33000
"329",814,"1stQuartile",16000
"330",815,"3rdQuartile",23400
"331",816,"2ndQuartile",29000
"332",817,"4thQuartile",117000
"333",818,"2ndQuartile",85000
"334",820,"2ndQuartile",85000
"335",821,"4thQuartile",34000
"336",825,"4thQuartile",73000
"337",827,"4thQuartile",169541
"338",829,"2ndQuartile",66000
"339",832,"2ndQuartile",20000
"340",835,"1stQuartile",25000
"341",839,"1stQuartile",30000
"342",843,"2ndQuartile",3000
"343",847,"1stQuartile",67500
"344",849,"2ndQuartile",20000
"345",850,"4thQuartile",85000
"346",851,"2ndQuartile",48000
"347",854,"2ndQuartile",22000
"348",856,"4thQuartile",25000
"349",859,"1stQuartile",46000
"350",860,"3rdQuartile",37500
"351",861,"2ndQuartile",29000
"352",862,"2ndQuartile",25000
"353",863,"2ndQuartile",125000
"354",866,"1stQuartile",36000
"355",872,"3rdQuartile",176354
"356",874,"4thQuartile",90000
"357",875,"1stQuartile",40000
"358",878,"3rdQuartile",50000
"359",879,"4thQuartile",52900
"360",881,"4thQuartile",8000
"361",882,"3rdQuartile",42000
"362",883,"3rdQuartile",30000
"363",884,"4thQuartile",52000
"364",885,"4thQuartile",37000
"365",888,"1stQuartile",50000
"366",889,"2ndQuartile",24000
"367",890,"4thQuartile",183306
"368",891,"2ndQuartile",36000
"369",896,"4thQuartile",15000
"370",898,"4thQuartile",40000
"371",899,"4thQuartile",31000
"372",902,"4thQuartile",64320
"373",906,"4thQuartile",90000
"374",907,"4thQuartile",7000
"375",908,"4thQuartile",37000
"376",909,"3rdQuartile",31330
"377",912,"4thQuartile",34000
"378",914,"3rdQuartile",71500
"379",915,"4thQuartile",57000
"380",916,"4thQuartile",20000
"381",920,"4thQuartile",120000
"382",921,"1stQuartile",65000
"383",922,"2ndQuartile",90000
"384",929,"3rdQuartile",42000
"385",932,"1stQuartile",30000
"386",935,"2ndQuartile",9800
"387",936,"3rdQuartile",15000
"388",937,"4thQuartile",75000
"389",938,"1stQuartile",38500
"390",941,"2ndQuartile",80000
"391",942,"2ndQuartile",43000
"392",944,"4thQuartile",54000
"393",945,"2ndQuartile",37300
"394",947,"3rdQuartile",64000
"395",949,"3rdQuartile",70000
"396",950,"4thQuartile",30000
"397",951,"2ndQuartile",72000
"398",952,"3rdQuartile",23600
"399",955,"2ndQuartile",40000
"400",956,"2ndQuartile",15000
"401",958,"2ndQuartile",35000
"402",959,"4thQuartile",170247
"403",960,"4thQuartile",150000
"404",961,"4thQuartile",140000
"405",962,"3rdQuartile",45500
"406",963,"2ndQuartile",65000
"407",964,"1stQuartile",48000
"408",966,"1stQuartile",44000
"409",967,"1stQuartile",56000
"410",968,"2ndQuartile",65000
"411",969,"2ndQuartile",31000
"412",970,"3rdQuartile",110000
"413",971,"2ndQuartile",3000
"414",972,"3rdQuartile",38000
"415",973,"3rdQuartile",42000
"416",974,"3rdQuartile",55000
"417",976,"3rdQuartile",51000
"418",990,"3rdQuartile",39000
"419",996,"1stQuartile",60000
"420",997,"4thQuartile",46000
"421",999,"3rdQuartile",27000
"422",1003,"3rdQuartile",70000
"423",1004,"1stQuartile",56000
"424",1007,"2ndQuartile",125000
"425",1011,"2ndQuartile",45000
"426",1013,"4thQuartile",25000
"427",1019,"4thQuartile",29000
"428",1020,"4thQuartile",84000
"429",1029,"1stQuartile",17000
"430",1034,"1stQuartile",23000
"431",1038,"3rdQuartile",24000
"432",1039,"3rdQuartile",44000
"433",1042,"1stQuartile",26000
"434",1043,"1stQuartile",16000
"435",1044,"1stQuartile",25000
"436",1046,"3rdQuartile",63
"437",1048,"1stQuartile",13000
"438",1049,"4thQuartile",51000
"439",1051,"4thQuartile",67000
"440",1052,"4thQuartile",183467
"441",1053,"3rdQuartile",394058
"442",1056,"1stQuartile",24000
"443",1058,"2ndQuartile",47000
"444",1060,"2ndQuartile",12000
"445",1062,"3rdQuartile",115000
"446",1063,"2ndQuartile",20518
"447",1065,"3rdQuartile",20160
"448",1068,"1stQuartile",12000
"449",1071,"1stQuartile",12649
"450",1072,"2ndQuartile",65000
"451",1076,"2ndQuartile",40000
"452",1078,"4thQuartile",61000
"453",1080,"3rdQuartile",7500
"454",1081,"3rdQuartile",38262
"455",1082,"3rdQuartile",70000
"456",1085,"3rdQuartile",36000
"457",1086,"3rdQuartile",67500
"458",1089,"1stQuartile",35000
"459",1090,"1stQuartile",1300
"460",1091,"2ndQuartile",24000
"461",1092,"3rdQuartile",15000
"462",1093,"2ndQuartile",35000
"463",1096,"1stQuartile",48000
"464",1097,"4thQuartile",59000
"465",1098,"4thQuartile",108000
"466",1101,"4thQuartile",50000
"467",1102,"2ndQuartile",429
"468",1104,"2ndQuartile",90000
"469",1105,"3rdQuartile",61000
"470",1106,"4thQuartile",35000
"471",1111,"2ndQuartile",44000
"472",1114,"2ndQuartile",50000
"473",1116,"2ndQuartile",30000
"474",1118,"1stQuartile",80000
"475",1122,"4thQuartile",37000
"476",1130,"2ndQuartile",5000
"477",1134,"3rdQuartile",53000
"478",1138,"3rdQuartile",58000
"479",1139,"3rdQuartile",60000
"480",1141,"1stQuartile",30000
"481",1143,"4thQuartile",180124
"482",1144,"4thQuartile",248713
"483",1147,"3rdQuartile",6500
"484",1148,"1stQuartile",31000
"485",1153,"1stQuartile",2300
"486",1155,"1stQuartile",52000
"487",1156,"2ndQuartile",25000
"488",1157,"3rdQuartile",63000
"489",1158,"1stQuartile",31000
"490",1159,"2ndQuartile",30000
"491",1160,"2ndQuartile",20000
"492",1163,"1stQuartile",25000
"493",1166,"2ndQuartile",20609
"494",1169,"2ndQuartile",130000
"495",1176,"3rdQuartile",77000
"496",1179,"3rdQuartile",35000
"497",1181,"3rdQuartile",150000
"498",1182,"4thQuartile",48000
"499",1184,"4thQuartile",95000
"500",1185,"4thQuartile",268384
"501",1186,"3rdQuartile",140000
"502",1187,"4thQuartile",39000
"503",1188,"4thQuartile",130000
"504",1200,"2ndQuartile",9000
"505",1208,"4thQuartile",120000
"506",1221,"1stQuartile",16200
"507",1222,"1stQuartile",38000
"508",1223,"1stQuartile",15000
"509",1224,"1stQuartile",12000
"510",1233,"2ndQuartile",42000
"511",1237,"1stQuartile",24000
"512",1238,"2ndQuartile",62000
"513",1240,"3rdQuartile",52000
"514",1247,"1stQuartile",8000
"515",1249,"3rdQuartile",80000
"516",1250,"1stQuartile",17000
"517",1251,"2ndQuartile",31000
"518",1252,"2ndQuartile",16000
"519",1253,"2ndQuartile",21600
"520",1255,"4thQuartile",87000
"521",1256,"1stQuartile",50000
"522",1257,"2ndQuartile",23000
"523",1258,"3rdQuartile",3000
"524",1260,"1stQuartile",35000
"525",1261,"3rdQuartile",50000
"526",1268,"4thQuartile",90000
"527",1272,"2ndQuartile",39000
"528",1273,"3rdQuartile",24000
"529",1276,"4thQuartile",46000
"530",1279,"4thQuartile",24000
"531",1286,"1stQuartile",32000
"532",1287,"1stQuartile",50000
"533",1288,"1stQuartile",21000
"534",1290,"2ndQuartile",36000
"535",1291,"1stQuartile",16000
"536",1293,"2ndQuartile",36000
"537",1294,"2ndQuartile",209138
"538",1301,"1stQuartile",25000
"539",1311,"2ndQuartile",130000
"540",1312,"2ndQuartile",18000
"541",1315,"3rdQuartile",257286
"542",1318,"1stQuartile",37000
"543",1319,"1stQuartile",43000
"544",1320,"4thQuartile",78000
"545",1321,"2ndQuartile",56000
"546",1323,"4thQuartile",42000
"547",1325,"4thQuartile",80000
"548",1327,"3rdQuartile",53000
"549",1338,"3rdQuartile",42000
"550",1344,"3rdQuartile",72000
"551",1347,"2ndQuartile",157280
"552",1351,"2ndQuartile",13000
"553",1353,"2ndQuartile",20000
"554",1357,"1stQuartile",38000
"555",1359,"3rdQuartile",40000
"556",1360,"1stQuartile",27000
"557",1362,"4thQuartile",70000
"558",1366,"2ndQuartile",29800
"559",1367,"4thQuartile",16000
"560",1368,"4thQuartile",39000
"561",1374,"3rdQuartile",15700
"562",1383,"1stQuartile",80000
"563",1384,"1stQuartile",26000
"564",1385,"2ndQuartile",34000
"565",1386,"1stQuartile",52000
"566",1393,"3rdQuartile",79000
"567",1394,"3rdQuartile",62000
"568",1395,"2ndQuartile",63000
"569",1397,"1stQuartile",45000
"570",1399,"3rdQuartile",45000
"571",1411,"2ndQuartile",16000
"572",1413,"1stQuartile",19000
"573",1416,"1stQuartile",12000
"574",1417,"1stQuartile",31000
"575",1418,"3rdQuartile",41000
"576",1419,"1stQuartile",22000
"577",1425,"3rdQuartile",38000
"578",1426,"2ndQuartile",38685
"579",1429,"4thQuartile",30000
"580",1432,"1stQuartile",42000
"581",1433,"2ndQuartile",50000
"582",1434,"1stQuartile",31980
"583",1436,"1stQuartile",10000
"584",1438,"1stQuartile",27000
"585",1440,"1stQuartile",22000
"586",1455,"1stQuartile",25000
"587",1459,"4thQuartile",40000
"588",1462,"2ndQuartile",28600
"589",1468,"2ndQuartile",29000
"590",1470,"3rdQuartile",35000
"591",1471,"1stQuartile",50000
"592",1477,"2ndQuartile",70000
"593",1479,"4thQuartile",100000
"594",1481,"2ndQuartile",71000
"595",1484,"1stQuartile",40000
"596",1487,"2ndQuartile",45000
"597",1490,"1stQuartile",25000
"598",1491,"1stQuartile",39000
"599",1492,"4thQuartile",45000
"600",1493,"3rdQuartile",245549
"601",1495,"1stQuartile",15000
"602",1499,"2ndQuartile",16000
"603",1500,"1stQuartile",50000
"604",1501,"4thQuartile",60000
"605",1502,"4thQuartile",12000
"606",1503,"4thQuartile",58000
"607",1506,"4thQuartile",42000
"608",1507,"3rdQuartile",22000
"609",1508,"4thQuartile",35000
"610",1509,"4thQuartile",25000
"611",1510,"3rdQuartile",26000
"612",1512,"4thQuartile",15000
"613",1514,"2ndQuartile",51000
"614",1515,"2ndQuartile",67000
"615",1516,"1stQuartile",23300
"616",1521,"1stQuartile",41000
"617",1522,"3rdQuartile",51300
"618",1527,"1stQuartile",28000
"619",1529,"2ndQuartile",23000
"620",1530,"1stQuartile",28000
"621",1531,"2ndQuartile",26000
"622",1532,"3rdQuartile",17407
"623",1534,"1stQuartile",52000
"624",1538,"1stQuartile",45000
"625",1539,"3rdQuartile",30000
"626",1541,"1stQuartile",41400
"627",1547,"2ndQuartile",85000
"628",1548,"2ndQuartile",4000
"629",1551,"1stQuartile",19000
"630",1552,"1stQuartile",9200
"631",1553,"4thQuartile",40000
"632",1554,"2ndQuartile",59000
"633",1555,"3rdQuartile",28352
"634",1556,"3rdQuartile",32176
"635",1558,"3rdQuartile",12000
"636",1560,"1stQuartile",19000
"637",1564,"4thQuartile",3400
"638",1566,"3rdQuartile",39100
"639",1568,"4thQuartile",6000
"640",1569,"3rdQuartile",63000
"641",1571,"3rdQuartile",45000
"642",1574,"4thQuartile",47000
"643",1575,"2ndQuartile",171551
"644",1577,"3rdQuartile",59000
"645",1580,"1stQuartile",56000
"646",1585,"2ndQuartile",60000
"647",1586,"3rdQuartile",54000
"648",1587,"4thQuartile",27300
"649",1590,"1stQuartile",16000
"650",1591,"2ndQuartile",7000
"651",1592,"1stQuartile",10000
"652",1593,"1stQuartile",17000
"653",1595,"2ndQuartile",120000
"654",1597,"3rdQuartile",52000
"655",1598,"3rdQuartile",35000
"656",1599,"2ndQuartile",24000
"657",1601,"2ndQuartile",368302
"658",1602,"2ndQuartile",90000
"659",1603,"2ndQuartile",20000
"660",1605,"2ndQuartile",40000
"661",1607,"2ndQuartile",19200
"662",1608,"3rdQuartile",11040
"663",1610,"1stQuartile",18000
"664",1617,"1stQuartile",20000
"665",1619,"3rdQuartile",65000
"666",1621,"4thQuartile",35942
"667",1622,"2ndQuartile",60000
"668",1626,"4thQuartile",73000
"669",1627,"2ndQuartile",20000
"670",1629,"3rdQuartile",100000
"671",1631,"4thQuartile",85000
"672",1632,"4thQuartile",100035
"673",1633,"4thQuartile",100000
"674",1635,"2ndQuartile",40000
"675",1636,"2ndQuartile",56000
"676",1637,"3rdQuartile",15000
"677",1640,"2ndQuartile",48000
"678",1641,"3rdQuartile",110000
"679",1642,"1stQuartile",75000
"680",1644,"2ndQuartile",9400
"681",1651,"3rdQuartile",153334
"682",1656,"2ndQuartile",33000
"683",1659,"3rdQuartile",26000
"684",1670,"4thQuartile",105000
"685",1719,"2ndQuartile",60000
"686",1720,"1stQuartile",45000
"687",1721,"1stQuartile",80000
"688",1725,"1stQuartile",25000
"689",1729,"1stQuartile",24000
"690",1730,"3rdQuartile",52000
"691",1733,"4thQuartile",115000
"692",1735,"3rdQuartile",3000
"693",1739,"4thQuartile",10000
"694",1740,"2ndQuartile",19000
"695",1744,"3rdQuartile",60000
"696",1746,"4thQuartile",116000
"697",1750,"2ndQuartile",44000
"698",1751,"1stQuartile",35000
"699",1758,"1stQuartile",13000
"700",1763,"3rdQuartile",22000
"701",1766,"4thQuartile",12000
"702",1768,"2ndQuartile",8000
"703",1769,"1stQuartile",29515
"704",1775,"2ndQuartile",34000
"705",1778,"2ndQuartile",8000
"706",1779,"1stQuartile",74000
"707",1780,"3rdQuartile",40000
"708",1781,"2ndQuartile",100000
"709",1784,"4thQuartile",45000
"710",1785,"1stQuartile",29000
"711",1786,"2ndQuartile",46800
"712",1787,"2ndQuartile",52000
"713",1788,"3rdQuartile",56856
"714",1790,"3rdQuartile",34000
"715",1792,"4thQuartile",15000
"716",1795,"2ndQuartile",108888
"717",1797,"2ndQuartile",3040
"718",1798,"4thQuartile",27100
"719",1802,"3rdQuartile",27915
"720",1803,"3rdQuartile",36000
"721",1804,"4thQuartile",12000
"722",1808,"4thQuartile",125000
"723",1810,"2ndQuartile",155867
"724",1819,"4thQuartile",29000
"725",1820,"1stQuartile",8000
"726",1824,"1stQuartile",19000
"727",1826,"3rdQuartile",45000
"728",1831,"1stQuartile",64000
"729",1835,"1stQuartile",40000
"730",1836,"2ndQuartile",50000
"731",1837,"1stQuartile",32000
"732",1838,"1stQuartile",17000
"733",1839,"1stQuartile",18000
"734",1841,"4thQuartile",85000
"735",1844,"4thQuartile",188404
"736",1846,"3rdQuartile",192896
"737",1847,"3rdQuartile",68000
"738",1848,"1stQuartile",46000
"739",1858,"3rdQuartile",68000
"740",1860,"2ndQuartile",29000
"741",1862,"2ndQuartile",900
"742",1863,"3rdQuartile",20000
"743",1865,"1stQuartile",28000
"744",1866,"2ndQuartile",25000
"745",1867,"4thQuartile",52000
"746",1868,"2ndQuartile",26500
"747",1869,"1stQuartile",14000
"748",1872,"1stQuartile",35000
"749",1873,"1stQuartile",22000
"750",1875,"4thQuartile",130000
"751",1878,"1stQuartile",8000
"752",1880,"4thQuartile",30000
"753",1881,"2ndQuartile",40000
"754",1884,"2ndQuartile",12500
"755",1885,"3rdQuartile",35000
"756",1887,"1stQuartile",11000
"757",1889,"2ndQuartile",35675
"758",1890,"1stQuartile",18000
"759",1891,"2ndQuartile",26800
"760",1895,"4thQuartile",83000
"761",1896,"4thQuartile",28000
"762",1899,"1stQuartile",32000
"763",1902,"2ndQuartile",40574
"764",1904,"4thQuartile",26000
"765",1905,"3rdQuartile",45000
"766",1906,"4thQuartile",25000
"767",1910,"2ndQuartile",55000
"768",1912,"2ndQuartile",25000
"769",1913,"2ndQuartile",14103
"770",1914,"4thQuartile",48000
"771",1916,"3rdQuartile",74481
"772",1917,"1stQuartile",48000
"773",1918,"3rdQuartile",68000
"774",1920,"3rdQuartile",2000
"775",1924,"2ndQuartile",65000
"776",1925,"3rdQuartile",44000
"777",1926,"2ndQuartile",16000
"778",1927,"2ndQuartile",21455
"779",1929,"4thQuartile",81000
"780",1930,"4thQuartile",45000
"781",1944,"4thQuartile",86000
"782",1947,"2ndQuartile",16000
"783",1950,"3rdQuartile",22000
"784",1951,"2ndQuartile",42000
"785",1952,"2ndQuartile",85000
"786",1953,"4thQuartile",24000
"787",1954,"4thQuartile",4000
"788",1955,"4thQuartile",60000
"789",1957,"1stQuartile",47000
"790",1958,"4thQuartile",45000
"791",1959,"1stQuartile",36000
"792",1961,"2ndQuartile",100000
"793",1962,"1stQuartile",25000
"794",1963,"3rdQuartile",67000
"795",1964,"1stQuartile",30000
"796",1965,"2ndQuartile",25000
"797",1966,"4thQuartile",42000
"798",1967,"3rdQuartile",40000
"799",1971,"2ndQuartile",65000
"800",1975,"4thQuartile",41000
"801",1976,"3rdQuartile",36000
"802",1977,"2ndQuartile",50000
"803",1978,"1stQuartile",48000
"804",1985,"3rdQuartile",25000
"805",1986,"3rdQuartile",23000
"806",1988,"1stQuartile",46000
"807",1990,"3rdQuartile",26000
"808",1992,"1stQuartile",68000
"809",1994,"3rdQuartile",28000
"810",1995,"2ndQuartile",3000
"811",1996,"2ndQuartile",32000
"812",1998,"3rdQuartile",9724
"813",1999,"3rdQuartile",46000
"814",2002,"2ndQuartile",12000
"815",2003,"1stQuartile",8000
"816",2005,"4thQuartile",78000
"817",2007,"4thQuartile",143000
"818",2010,"3rdQuartile",12000
"819",2011,"3rdQuartile",25000
"820",2012,"2ndQuartile",32000
"821",2013,"4thQuartile",9200
"822",2014,"2ndQuartile",27000
"823",2018,"3rdQuartile",27640
"824",2020,"1stQuartile",26000
"825",2024,"4thQuartile",65000
"826",2027,"4thQuartile",9000
"827",2029,"4thQuartile",135000
"828",2030,"3rdQuartile",5500
"829",2031,"1stQuartile",36000
"830",2032,"1stQuartile",32000
"831",2033,"3rdQuartile",157117
"832",2034,"3rdQuartile",52000
"833",2035,"3rdQuartile",25000
"834",2037,"4thQuartile",2700
"835",2038,"4thQuartile",162919
"836",2040,"4thQuartile",14969
"837",2041,"3rdQuartile",20000
"838",2042,"4thQuartile",6000
"839",2045,"2ndQuartile",30000
"840",2046,"1stQuartile",24000
"841",2047,"3rdQuartile",55000
"842",2049,"4thQuartile",33000
"843",2051,"1stQuartile",20000
"844",2055,"3rdQuartile",30000
"845",2056,"3rdQuartile",135000
"846",2057,"1stQuartile",9000
"847",2061,"4thQuartile",50000
"848",2062,"2ndQuartile",110000
"849",2066,"1stQuartile",29000
"850",2067,"2ndQuartile",60000
"851",2068,"2ndQuartile",35000
"852",2070,"1stQuartile",60000
"853",2071,"4thQuartile",1000
"854",2072,"4thQuartile",4000
"855",2073,"4thQuartile",22000
"856",2074,"3rdQuartile",58000
"857",2075,"3rdQuartile",66000
"858",2076,"1stQuartile",39144
"859",2079,"2ndQuartile",28000
"860",2080,"3rdQuartile",17000
"861",2081,"2ndQuartile",46000
"862",2083,"4thQuartile",26000
"863",2086,"2ndQuartile",27000
"864",2087,"2ndQuartile",40000
"865",2088,"2ndQuartile",30000
"866",2089,"1stQuartile",40000
"867",2090,"1stQuartile",37000
"868",2093,"3rdQuartile",48000
"869",2094,"1stQuartile",29000
"870",2096,"2ndQuartile",92000
"871",2097,"2ndQuartile",71000
"872",2099,"2ndQuartile",62000
"873",2100,"4thQuartile",52000
"874",2101,"4thQuartile",90000
"875",2102,"2ndQuartile",24000
"876",2104,"3rdQuartile",34500
"877",2106,"2ndQuartile",52000
"878",2107,"3rdQuartile",5100
"879",2113,"4thQuartile",100000
"880",2119,"3rdQuartile",9000
"881",2120,"2ndQuartile",4000
"882",2122,"1stQuartile",26000
"883",2123,"3rdQuartile",33600
"884",2124,"4thQuartile",115000
"885",2126,"3rdQuartile",42000
"886",2132,"2ndQuartile",104000
"887",2133,"2ndQuartile",39400
"888",2134,"1stQuartile",10000
"889",2135,"1stQuartile",70000
"890",2136,"2ndQuartile",34500
"891",2138,"3rdQuartile",36000
"892",2140,"2ndQuartile",55000
"893",2144,"4thQuartile",57000
"894",2145,"3rdQuartile",50000
"895",2146,"2ndQuartile",14000
"896",2147,"3rdQuartile",34000
"897",2148,"3rdQuartile",16557
"898",2152,"2ndQuartile",28000
"899",2153,"2ndQuartile",12000
"900",2156,"2ndQuartile",40500
"901",2157,"2ndQuartile",24000
"902",2158,"3rdQuartile",3600
"903",2159,"3rdQuartile",70000
"904",2163,"1stQuartile",60000
"905",2164,"3rdQuartile",69000
"906",2165,"1stQuartile",12000
"907",2167,"1stQuartile",48000
"908",2168,"4thQuartile",57600
"909",2169,"3rdQuartile",57000
"910",2172,"2ndQuartile",63000
"911",2173,"3rdQuartile",52000
"912",2178,"3rdQuartile",44000
"913",2180,"2ndQuartile",40000
"914",2182,"3rdQuartile",65000
"915",2187,"2ndQuartile",90000
"916",2188,"1stQuartile",36000
"917",2190,"1stQuartile",18000
"918",2194,"1stQuartile",30000
"919",2196,"2ndQuartile",5280
"920",2200,"4thQuartile",65000
"921",2201,"2ndQuartile",32000
"922",2202,"4thQuartile",35000
"923",2203,"1stQuartile",22500
"924",2204,"3rdQuartile",26074
"925",2205,"2ndQuartile",52000
"926",2207,"3rdQuartile",30000
"927",2208,"1stQuartile",25000
"928",2209,"1stQuartile",36000
"929",2214,"2ndQuartile",11000
"930",2216,"2ndQuartile",43000
"931",2218,"3rdQuartile",70000
"932",2220,"4thQuartile",82000
"933",2222,"4thQuartile",46000
"934",2223,"2ndQuartile",55000
"935",2224,"1stQuartile",5000
"936",2225,"1stQuartile",56000
"937",2227,"2ndQuartile",28263
"938",2229,"3rdQuartile",33000
"939",2230,"4thQuartile",40000
"940",2237,"4thQuartile",64000
"941",2243,"3rdQuartile",30000
"942",2247,"3rdQuartile",58000
"943",2250,"1stQuartile",20000
"944",2251,"1stQuartile",7225
"945",2254,"1stQuartile",30000
"946",2255,"1stQuartile",45000
"947",2261,"1stQuartile",32000
"948",2264,"2ndQuartile",13000
"949",2265,"1stQuartile",15000
"950",2266,"1stQuartile",15000
"951",2270,"1stQuartile",15000
"952",2271,"1stQuartile",13000
"953",2278,"3rdQuartile",49000
"954",2284,"4thQuartile",50000
"955",2285,"3rdQuartile",55000
"956",2286,"4thQuartile",26000
"957",2291,"4thQuartile",60200
"958",2299,"4thQuartile",47000
"959",2301,"4thQuartile",71500
"960",2302,"4thQuartile",112000
"961",2304,"2ndQuartile",50000
"962",2313,"2ndQuartile",25000
"963",2314,"3rdQuartile",50000
"964",2316,"1stQuartile",30000
"965",2318,"3rdQuartile",43000
"966",2322,"3rdQuartile",46000
"967",2323,"2ndQuartile",100000
"968",2324,"3rdQuartile",102000
"969",2326,"1stQuartile",44000
"970",2327,"3rdQuartile",26000
"971",2328,"4thQuartile",31000
"972",2329,"3rdQuartile",40000
"973",2332,"3rdQuartile",26524
"974",2333,"2ndQuartile",85000
"975",2334,"1stQuartile",37500
"976",2337,"3rdQuartile",35650
"977",2339,"4thQuartile",235236
"978",2341,"4thQuartile",68000
"979",2344,"1stQuartile",44000
"980",2348,"1stQuartile",14560
"981",2360,"2ndQuartile",18500
"982",2361,"1stQuartile",99000
"983",2372,"4thQuartile",65000
"984",2375,"2ndQuartile",80000
"985",2376,"3rdQuartile",60000
"986",2380,"3rdQuartile",22000
"987",2382,"2ndQuartile",40000
"988",2383,"2ndQuartile",8500
"989",2385,"3rdQuartile",62000
"990",2386,"3rdQuartile",68000
"991",2394,"3rdQuartile",60000
"992",2396,"1stQuartile",13986
"993",2398,"1stQuartile",32000
"994",2400,"4thQuartile",24024
"995",2401,"1stQuartile",48000
"996",2403,"1stQuartile",18000
"997",2404,"2ndQuartile",28800
"998",2410,"2ndQuartile",13000
"999",2412,"2ndQuartile",15000
"1000",2413,"1stQuartile",40000
"1001",2415,"4thQuartile",55000
"1002",2417,"1stQuartile",42500
"1003",2418,"2ndQuartile",35000
"1004",2419,"1stQuartile",55000
"1005",2420,"2ndQuartile",7500
"1006",2425,"1stQuartile",35000
"1007",2426,"2ndQuartile",8200
"1008",2427,"2ndQuartile",75000
"1009",2434,"3rdQuartile",20000
"1010",2435,"4thQuartile",35000
"1011",2436,"2ndQuartile",78000
"1012",2437,"4thQuartile",125000
"1013",2438,"4thQuartile",90000
"1014",2439,"3rdQuartile",32000
"1015",2442,"2ndQuartile",79000
"1016",2443,"2ndQuartile",36000
"1017",2444,"2ndQuartile",50000
"1018",2447,"2ndQuartile",37770
"1019",2450,"2ndQuartile",14750
"1020",2451,"3rdQuartile",23100
"1021",2452,"2ndQuartile",30000
"1022",2459,"1stQuartile",4560
"1023",2460,"2ndQuartile",10875
"1024",2461,"3rdQuartile",61000
"1025",2462,"2ndQuartile",18420
"1026",2464,"4thQuartile",185950
"1027",2466,"1stQuartile",22000
"1028",2470,"3rdQuartile",46500
"1029",2471,"2ndQuartile",20000
"1030",2473,"4thQuartile",42000
"1031",2474,"4thQuartile",10574
"1032",2475,"3rdQuartile",56000
"1033",2477,"3rdQuartile",33000
"1034",2478,"2ndQuartile",20376
"1035",2479,"3rdQuartile",25000
"1036",2483,"1stQuartile",29000
"1037",2485,"1stQuartile",18000
"1038",2489,"3rdQuartile",30000
"1039",2494,"4thQuartile",72000
"1040",2523,"4thQuartile",48000
"1041",2526,"3rdQuartile",80000
"1042",2527,"1stQuartile",60000
"1043",2528,"1stQuartile",6000
"1044",2529,"1stQuartile",5000
"1045",2530,"1stQuartile",27000
"1046",2535,"1stQuartile",41000
"1047",2537,"2ndQuartile",13100
"1048",2539,"1stQuartile",38000
"1049",2540,"1stQuartile",25000
"1050",2541,"4thQuartile",70000
"1051",2542,"3rdQuartile",12800
"1052",2544,"2ndQuartile",98000
"1053",2545,"3rdQuartile",103000
"1054",2547,"2ndQuartile",52000
"1055",2549,"4thQuartile",38000
"1056",2550,"3rdQuartile",36660
"1057",2551,"4thQuartile",39500
"1058",2552,"4thQuartile",33500
"1059",2553,"3rdQuartile",39800
"1060",2556,"3rdQuartile",19000
"1061",2557,"4thQuartile",96000
"1062",2558,"3rdQuartile",61000
"1063",2559,"3rdQuartile",49000
"1064",2564,"1stQuartile",16000
"1065",2565,"4thQuartile",44000
"1066",2566,"3rdQuartile",32000
"1067",2568,"3rdQuartile",25000
"1068",2569,"4thQuartile",24000
"1069",2570,"3rdQuartile",15300
"1070",2572,"3rdQuartile",70500
"1071",2574,"2ndQuartile",32000
"1072",2578,"1stQuartile",22000
"1073",2579,"4thQuartile",26350
"1074",2582,"1stQuartile",34000
"1075",2584,"1stQuartile",44000
"1076",2585,"2ndQuartile",56000
"1077",2587,"1stQuartile",25500
"1078",2588,"4thQuartile",70000
"1079",2589,"4thQuartile",125000
"1080",2590,"4thQuartile",60000
"1081",2591,"3rdQuartile",34000
"1082",2592,"2ndQuartile",22800
"1083",2594,"2ndQuartile",62000
"1084",2602,"3rdQuartile",37000
"1085",2603,"4thQuartile",41000
"1086",2606,"4thQuartile",51000
"1087",2607,"4thQuartile",35000
"1088",2610,"4thQuartile",25000
"1089",2613,"3rdQuartile",40000
"1090",2614,"1stQuartile",50000
"1091",2615,"3rdQuartile",17000
"1092",2616,"2ndQuartile",95000
"1093",2620,"3rdQuartile",59500
"1094",2622,"4thQuartile",33000
"1095",2626,"3rdQuartile",38000
"1096",2628,"3rdQuartile",8000
"1097",2629,"3rdQuartile",39264
"1098",2630,"3rdQuartile",70000
"1099",2633,"4thQuartile",92000
"1100",2636,"3rdQuartile",40500
"1101",2637,"4thQuartile",48000
"1102",2642,"4thQuartile",68000
"1103",2646,"3rdQuartile",90000
"1104",2647,"2ndQuartile",220904
"1105",2649,"4thQuartile",37000
"1106",2650,"3rdQuartile",15000
"1107",2651,"2ndQuartile",3983
"1108",2652,"2ndQuartile",31658
"1109",2653,"1stQuartile",20000
"1110",2654,"1stQuartile",20000
"1111",2655,"1stQuartile",5300
"1112",2658,"1stQuartile",8000
"1113",2659,"1stQuartile",2000
"1114",2661,"1stQuartile",18674
"1115",2665,"1stQuartile",24000
"1116",2666,"1stQuartile",13700
"1117",2669,"1stQuartile",5000
"1118",2670,"1stQuartile",23500
"1119",2672,"1stQuartile",11000
"1120",2675,"1stQuartile",17000
"1121",2676,"1stQuartile",27000
"1122",2677,"1stQuartile",22000
"1123",2679,"2ndQuartile",3890
"1124",2682,"1stQuartile",12000
"1125",2683,"1stQuartile",30000
"1126",2684,"4thQuartile",40000
"1127",2685,"4thQuartile",58000
"1128",2688,"3rdQuartile",32000
"1129",2689,"2ndQuartile",30000
"1130",2690,"2ndQuartile",28000
"1131",2694,"3rdQuartile",25000
"1132",2695,"3rdQuartile",80000
"1133",2696,"2ndQuartile",46000
"1134",2698,"1stQuartile",6000
"1135",2699,"1stQuartile",8000
"1136",2701,"1stQuartile",88000
"1137",2702,"3rdQuartile",91500
"1138",2703,"2ndQuartile",125000
"1139",2705,"1stQuartile",14000
"1140",2706,"1stQuartile",36500
"1141",2707,"1stQuartile",24000
"1142",2708,"1stQuartile",25000
"1143",2709,"2ndQuartile",16257
"1144",2710,"1stQuartile",26000
"1145",2711,"1stQuartile",30620
"1146",2714,"4thQuartile",45000
"1147",2716,"1stQuartile",35000
"1148",2723,"2ndQuartile",62000
"1149",2724,"4thQuartile",167252
"1150",2725,"4thQuartile",26000
"1151",2727,"3rdQuartile",30500
"1152",2728,"3rdQuartile",50000
"1153",2729,"2ndQuartile",7000
"1154",2730,"1stQuartile",10000
"1155",2732,"2ndQuartile",33955
"1156",2736,"3rdQuartile",27000
"1157",2744,"2ndQuartile",4000
"1158",2745,"2ndQuartile",28000
"1159",2746,"1stQuartile",30000
"1160",2747,"1stQuartile",9984
"1161",2748,"1stQuartile",25000
"1162",2760,"2ndQuartile",26000
"1163",2765,"2ndQuartile",72000
"1164",2767,"1stQuartile",33000
"1165",2770,"3rdQuartile",57000
"1166",2771,"1stQuartile",10000
"1167",2772,"1stQuartile",21000
"1168",2773,"2ndQuartile",34000
"1169",2774,"3rdQuartile",60000
"1170",2775,"3rdQuartile",19500
"1171",2780,"1stQuartile",32000
"1172",2781,"2ndQuartile",18000
"1173",2797,"1stQuartile",50000
"1174",2800,"4thQuartile",35000
"1175",2803,"1stQuartile",58000
"1176",2804,"2ndQuartile",52000
"1177",2809,"4thQuartile",15000
"1178",2810,"2ndQuartile",8000
"1179",2811,"1stQuartile",25000
"1180",2813,"4thQuartile",75000
"1181",2815,"2ndQuartile",35000
"1182",2816,"1stQuartile",82000
"1183",2823,"3rdQuartile",50000
"1184",2829,"1stQuartile",32000
"1185",2830,"3rdQuartile",19000
"1186",2832,"2ndQuartile",48000
"1187",2838,"4thQuartile",69500
"1188",2839,"3rdQuartile",71000
"1189",2840,"4thQuartile",88000
"1190",2841,"4thQuartile",50000
"1191",2842,"4thQuartile",94000
"1192",2845,"4thQuartile",70000
"1193",2847,"4thQuartile",48000
"1194",2848,"4thQuartile",19285
"1195",2851,"4thQuartile",357310
"1196",2852,"2ndQuartile",33000
"1197",2856,"3rdQuartile",16000
"1198",2858,"4thQuartile",56000
"1199",2861,"4thQuartile",124000
"1200",2863,"2ndQuartile",40000
"1201",2864,"2ndQuartile",22000
"1202",2866,"3rdQuartile",120000
"1203",2867,"1stQuartile",10000
"1204",2868,"2ndQuartile",74000
"1205",2870,"3rdQuartile",126000
"1206",2871,"3rdQuartile",80000
"1207",2877,"4thQuartile",45000
"1208",2894,"4thQuartile",166924
"1209",2895,"4thQuartile",194031
"1210",2896,"4thQuartile",162733
"1211",2899,"3rdQuartile",30000
"1212",2900,"4thQuartile",500
"1213",2902,"4thQuartile",33000
"1214",2906,"4thQuartile",85000
"1215",2910,"4thQuartile",35000
"1216",2911,"1stQuartile",2000
"1217",2912,"2ndQuartile",15000
"1218",2913,"1stQuartile",42000
"1219",2920,"2ndQuartile",75000
"1220",2921,"2ndQuartile",60000
"1221",2928,"4thQuartile",10088
"1222",2929,"4thQuartile",46000
"1223",2930,"3rdQuartile",32000
"1224",2936,"3rdQuartile",40000
"1225",2939,"4thQuartile",65000
"1226",2941,"4thQuartile",180621
"1227",2942,"1stQuartile",10372
"1228",2944,"3rdQuartile",32000
"1229",2946,"4thQuartile",62000
"1230",2948,"4thQuartile",12500
"1231",2949,"2ndQuartile",20000
"1232",2950,"4thQuartile",93000
"1233",2952,"2ndQuartile",35000
"1234",2953,"2ndQuartile",85000
"1235",2957,"4thQuartile",35000
"1236",2959,"3rdQuartile",110000
"1237",2961,"3rdQuartile",68000
"1238",2962,"3rdQuartile",140000
"1239",2971,"1stQuartile",2100
"1240",2974,"1stQuartile",89000
"1241",2975,"4thQuartile",42000
"1242",2976,"3rdQuartile",53000
"1243",2977,"2ndQuartile",40000
"1244",2978,"2ndQuartile",9000
"1245",2980,"4thQuartile",170
"1246",2981,"2ndQuartile",18300
"1247",2984,"4thQuartile",359118
"1248",2985,"4thQuartile",100000
"1249",2988,"3rdQuartile",100000
"1250",2990,"3rdQuartile",5000
"1251",2991,"3rdQuartile",45000
"1252",2994,"3rdQuartile",97200
"1253",2995,"1stQuartile",24000
"1254",2996,"3rdQuartile",60000
"1255",2997,"3rdQuartile",74000
"1256",2998,"3rdQuartile",42000
"1257",3016,"4thQuartile",85000
"1258",3019,"3rdQuartile",85000
"1259",3020,"2ndQuartile",10800
"1260",3023,"2ndQuartile",30000
"1261",3024,"1stQuartile",85000
"1262",3025,"4thQuartile",1500
"1263",3030,"1stQuartile",28500
"1264",3033,"3rdQuartile",150000
"1265",3035,"3rdQuartile",30000
"1266",3036,"4thQuartile",52000
"1267",3037,"3rdQuartile",72000
"1268",3039,"3rdQuartile",65000
"1269",3041,"4thQuartile",12000
"1270",3046,"1stQuartile",30000
"1271",3047,"2ndQuartile",7200
"1272",3050,"1stQuartile",60000
"1273",3051,"2ndQuartile",17000
"1274",3054,"1stQuartile",15000
"1275",3055,"1stQuartile",30000
"1276",3057,"1stQuartile",18000
"1277",3058,"2ndQuartile",77000
"1278",3062,"4thQuartile",282588
"1279",3065,"1stQuartile",25000
"1280",3077,"1stQuartile",70000
"1281",3079,"2ndQuartile",30000
"1282",3081,"3rdQuartile",37000
"1283",3082,"3rdQuartile",25000
"1284",3084,"4thQuartile",183223
"1285",3085,"4thQuartile",25000
"1286",3089,"4thQuartile",13000
"1287",3090,"3rdQuartile",31600
"1288",3091,"2ndQuartile",41000
"1289",3094,"1stQuartile",2200
"1290",3095,"2ndQuartile",18000
"1291",3100,"1stQuartile",50000
"1292",3107,"3rdQuartile",22000
"1293",3109,"4thQuartile",58000
"1294",3111,"4thQuartile",43000
"1295",3112,"2ndQuartile",105000
"1296",3113,"2ndQuartile",40000
"1297",3117,"3rdQuartile",87000
"1298",3118,"2ndQuartile",28000
"1299",3120,"2ndQuartile",1200
"1300",3127,"1stQuartile",22000
"1301",3134,"1stQuartile",6000
"1302",3137,"4thQuartile",120000
"1303",3138,"2ndQuartile",50000
"1304",3140,"2ndQuartile",73000
"1305",3141,"4thQuartile",80000
"1306",3142,"4thQuartile",106000
"1307",3143,"2ndQuartile",53000
"1308",3145,"4thQuartile",5000
"1309",3146,"3rdQuartile",62000
"1310",3150,"4thQuartile",138000
"1311",3151,"2ndQuartile",47000
"1312",3153,"4thQuartile",151083
"1313",3154,"4thQuartile",10000
"1314",3157,"2ndQuartile",60000
"1315",3159,"3rdQuartile",40000
"1316",3161,"2ndQuartile",30000
"1317",3163,"2ndQuartile",34000
"1318",3168,"4thQuartile",115000
"1319",3170,"4thQuartile",268323
"1320",3171,"4thQuartile",152840
"1321",3173,"4thQuartile",125000
"1322",3177,"1stQuartile",55000
"1323",3192,"2ndQuartile",28000
"1324",3194,"1stQuartile",40000
"1325",3195,"3rdQuartile",48000
"1326",3196,"3rdQuartile",72000
"1327",3197,"2ndQuartile",31500
"1328",3198,"3rdQuartile",53600
"1329",3199,"1stQuartile",29500
"1330",3201,"4thQuartile",32000
"1331",3205,"4thQuartile",90000
"1332",3208,"4thQuartile",135000
"1333",3215,"3rdQuartile",40000
"1334",3218,"2ndQuartile",6000
"1335",3219,"3rdQuartile",72000
"1336",3221,"4thQuartile",67000
"1337",3224,"3rdQuartile",130000
"1338",3225,"4thQuartile",6700
"1339",3230,"1stQuartile",80000
"1340",3231,"3rdQuartile",41600
"1341",3232,"2ndQuartile",27000
"1342",3234,"3rdQuartile",30000
"1343",3235,"3rdQuartile",26000
"1344",3236,"3rdQuartile",3000
"1345",3237,"2ndQuartile",42000
"1346",3238,"4thQuartile",28000
"1347",3239,"3rdQuartile",30000
"1348",3240,"4thQuartile",46000
"1349",3242,"2ndQuartile",9000
"1350",3243,"3rdQuartile",50000
"1351",3244,"4thQuartile",24000
"1352",3246,"2ndQuartile",49400
"1353",3249,"2ndQuartile",25000
"1354",3250,"4thQuartile",12000
"1355",3252,"1stQuartile",29000
"1356",3254,"3rdQuartile",26800
"1357",3256,"4thQuartile",80000
"1358",3257,"4thQuartile",75000
"1359",3263,"4thQuartile",89000
"1360",3266,"2ndQuartile",250
"1361",3267,"4thQuartile",23000
"1362",3269,"2ndQuartile",17000
"1363",3273,"1stQuartile",24000
"1364",3277,"4thQuartile",60000
"1365",3278,"3rdQuartile",147
"1366",3281,"2ndQuartile",37000
"1367",3282,"2ndQuartile",52000
"1368",3284,"2ndQuartile",113000
"1369",3285,"1stQuartile",30000
"1370",3287,"2ndQuartile",1800
"1371",3289,"4thQuartile",140000
"1372",3290,"4thQuartile",150000
"1373",3303,"4thQuartile",18000
"1374",3307,"1stQuartile",20000
"1375",3308,"1stQuartile",20000
"1376",3309,"4thQuartile",54000
"1377",3310,"1stQuartile",32000
"1378",3311,"1stQuartile",25000
"1379",3312,"1stQuartile",24000
"1380",3319,"1stQuartile",6000
"1381",3321,"1stQuartile",21000
"1382",3324,"1stQuartile",96000
"1383",3325,"1stQuartile",300
"1384",3329,"3rdQuartile",45000
"1385",3330,"1stQuartile",145000
"1386",3331,"1stQuartile",32000
"1387",3337,"4thQuartile",89000
"1388",3338,"4thQuartile",2000
"1389",3341,"2ndQuartile",39000
"1390",3343,"1stQuartile",19968
"1391",3346,"1stQuartile",58000
"1392",3347,"2ndQuartile",40000
"1393",3350,"3rdQuartile",10000
"1394",3352,"3rdQuartile",1200
"1395",3353,"1stQuartile",44000
"1396",3354,"2ndQuartile",10000
"1397",3355,"3rdQuartile",50000
"1398",3356,"2ndQuartile",2000
"1399",3357,"3rdQuartile",150490
"1400",3359,"3rdQuartile",45000
"1401",3360,"3rdQuartile",32000
"1402",3361,"3rdQuartile",703637
"1403",3374,"2ndQuartile",68000
"1404",3375,"2ndQuartile",50000
"1405",3376,"3rdQuartile",73000
"1406",3378,"3rdQuartile",8220
"1407",3379,"4thQuartile",99000
"1408",3380,"4thQuartile",900
"1409",3381,"4thQuartile",125000
"1410",3387,"3rdQuartile",45000
"1411",3389,"3rdQuartile",60000
"1412",3390,"4thQuartile",80000
"1413",3391,"4thQuartile",30824
"1414",3392,"2ndQuartile",45000
"1415",3393,"1stQuartile",25000
"1416",3394,"3rdQuartile",85000
"1417",3397,"2ndQuartile",13000
"1418",3401,"2ndQuartile",32000
"1419",3403,"2ndQuartile",120000
"1420",3405,"4thQuartile",43500
"1421",3406,"4thQuartile",38500
"1422",3410,"3rdQuartile",65000
"1423",3413,"3rdQuartile",36000
"1424",3417,"2ndQuartile",8000
"1425",3418,"2ndQuartile",46000
"1426",3420,"3rdQuartile",72000
"1427",3421,"3rdQuartile",105000
"1428",3422,"3rdQuartile",2000
"1429",3423,"4thQuartile",27000
"1430",3424,"4thQuartile",33000
"1431",3425,"4thQuartile",77000
"1432",3429,"4thQuartile",200
"1433",3431,"4thQuartile",171428
"1434",3432,"4thQuartile",24626
"1435",3433,"3rdQuartile",4000
"1436",3436,"1stQuartile",8000
"1437",3438,"1stQuartile",14000
"1438",3440,"1stQuartile",61000
"1439",3444,"1stQuartile",19200
"1440",3452,"2ndQuartile",20000
"1441",3455,"3rdQuartile",61200
"1442",3456,"2ndQuartile",10000
"1443",3457,"1stQuartile",26000
"1444",3458,"1stQuartile",28000
"1445",3463,"3rdQuartile",57000
"1446",3464,"4thQuartile",96000
"1447",3465,"4thQuartile",35000
"1448",3466,"4thQuartile",60000
"1449",3467,"2ndQuartile",17000
"1450",3468,"4thQuartile",72000
"1451",3471,"1stQuartile",40000
"1452",3475,"1stQuartile",26000
"1453",3477,"3rdQuartile",18520
"1454",3479,"2ndQuartile",80000
"1455",3481,"3rdQuartile",47000
"1456",3482,"1stQuartile",65000
"1457",3487,"2ndQuartile",39000
"1458",3491,"1stQuartile",13000
"1459",3492,"3rdQuartile",47000
"1460",3493,"2ndQuartile",40000
"1461",3494,"2ndQuartile",87000
"1462",3495,"2ndQuartile",80000
"1463",3496,"3rdQuartile",24600
"1464",3497,"4thQuartile",77000
"1465",3502,"2ndQuartile",41000
"1466",3503,"3rdQuartile",88000
"1467",3505,"2ndQuartile",67000
"1468",3506,"4thQuartile",18000
"1469",3508,"1stQuartile",18000
"1470",3511,"4thQuartile",16000
"1471",3513,"1stQuartile",27000
"1472",3514,"3rdQuartile",24000
"1473",3515,"4thQuartile",97000
"1474",3521,"2ndQuartile",44000
"1475",3522,"1stQuartile",500
"1476",3524,"1stQuartile",52000
"1477",3527,"3rdQuartile",3800
"1478",3530,"4thQuartile",62000
"1479",3531,"3rdQuartile",11000
"1480",3533,"4thQuartile",135000
"1481",3535,"4thQuartile",82376
"1482",3537,"2ndQuartile",26000
"1483",3538,"3rdQuartile",33900
"1484",3540,"2ndQuartile",37000
"1485",3543,"1stQuartile",18000
"1486",3544,"1stQuartile",3200
"1487",3545,"2ndQuartile",31000
"1488",3546,"2ndQuartile",65000
"1489",3547,"2ndQuartile",35000
"1490",3548,"1stQuartile",40000
"1491",3549,"1stQuartile",1500
"1492",3550,"3rdQuartile",25000
"1493",3551,"4thQuartile",65000
"1494",3552,"4thQuartile",38000
"1495",3553,"4thQuartile",55000
"1496",3554,"3rdQuartile",38000
"1497",3558,"3rdQuartile",96000
"1498",3559,"4thQuartile",60000
"1499",3561,"1stQuartile",42000
"1500",3562,"1stQuartile",5000
"1501",3563,"1stQuartile",34000
"1502",3565,"4thQuartile",36000
"1503",3567,"3rdQuartile",2760
"1504",3569,"1stQuartile",42000
"1505",3570,"1stQuartile",56000
"1506",3572,"1stQuartile",14000
"1507",3574,"4thQuartile",47000
"1508",3575,"1stQuartile",56000
"1509",3579,"2ndQuartile",45000
"1510",3580,"3rdQuartile",36000
"1511",3581,"2ndQuartile",129000
"1512",3582,"3rdQuartile",150000
"1513",3583,"4thQuartile",100000
"1514",3584,"1stQuartile",16000
"1515",3585,"4thQuartile",159168
"1516",3587,"3rdQuartile",43000
"1517",3588,"3rdQuartile",60000
"1518",3589,"2ndQuartile",50987
"1519",3591,"3rdQuartile",4471
"1520",3592,"3rdQuartile",56000
"1521",3597,"2ndQuartile",7000
"1522",3600,"3rdQuartile",60000
"1523",3601,"4thQuartile",40000
"1524",3606,"3rdQuartile",35000
"1525",3607,"2ndQuartile",16000
"1526",3608,"4thQuartile",69000
"1527",3609,"2ndQuartile",39000
"1528",3610,"1stQuartile",7900
"1529",3611,"2ndQuartile",15000
"1530",3614,"4thQuartile",10180
"1531",3616,"4thQuartile",35000
"1532",3617,"3rdQuartile",89000
"1533",3619,"4thQuartile",32500
"1534",3620,"2ndQuartile",32000
"1535",3623,"4thQuartile",35000
"1536",3625,"4thQuartile",26000
"1537",3628,"2ndQuartile",189210
"1538",3640,"1stQuartile",21000
"1539",3641,"2ndQuartile",51000
"1540",3643,"2ndQuartile",38000
"1541",3649,"1stQuartile",29400
"1542",3650,"2ndQuartile",32000
"1543",3651,"2ndQuartile",65000
"1544",3657,"1stQuartile",38000
"1545",3660,"1stQuartile",23400
"1546",3661,"2ndQuartile",4500
"1547",3664,"3rdQuartile",68000
"1548",3666,"4thQuartile",36000
"1549",3667,"3rdQuartile",6360
"1550",3669,"4thQuartile",10000
"1551",3676,"4thQuartile",74000
"1552",3677,"4thQuartile",60000
"1553",3679,"3rdQuartile",85000
"1554",3686,"3rdQuartile",69000
"1555",3690,"4thQuartile",138000
"1556",3693,"2ndQuartile",30000
"1557",3694,"2ndQuartile",56000
"1558",3697,"1stQuartile",5000
"1559",3699,"1stQuartile",20477
"1560",3705,"3rdQuartile",45000
"1561",3706,"2ndQuartile",42000
"1562",3708,"4thQuartile",144000
"1563",3709,"3rdQuartile",30000
"1564",3714,"3rdQuartile",25000
"1565",3718,"2ndQuartile",28013
"1566",3719,"1stQuartile",29000
"1567",3721,"4thQuartile",52000
"1568",3722,"2ndQuartile",55000
"1569",3723,"2ndQuartile",16000
"1570",3725,"2ndQuartile",23000
"1571",3730,"4thQuartile",25275
"1572",3732,"4thQuartile",36000
"1573",3734,"4thQuartile",30000
"1574",3735,"3rdQuartile",60000
"1575",3736,"3rdQuartile",49000
"1576",3737,"2ndQuartile",58000
"1577",3738,"2ndQuartile",18000
"1578",3739,"3rdQuartile",16000
"1579",3740,"1stQuartile",20000
"1580",3741,"1stQuartile",9300
"1581",3742,"2ndQuartile",98000
"1582",3745,"4thQuartile",32089
"1583",3746,"1stQuartile",16390
"1584",3751,"3rdQuartile",45000
"1585",3754,"4thQuartile",33000
"1586",3757,"4thQuartile",95000
"1587",3758,"4thQuartile",11000
"1588",3760,"2ndQuartile",33000
"1589",3766,"3rdQuartile",78000
"1590",3770,"2ndQuartile",52000
"1591",3771,"4thQuartile",32253
"1592",3775,"3rdQuartile",53000
"1593",3780,"3rdQuartile",55000
"1594",3784,"2ndQuartile",29000
"1595",3787,"2ndQuartile",12000
"1596",3789,"3rdQuartile",52000
"1597",3790,"2ndQuartile",22049
"1598",3791,"3rdQuartile",47000
"1599",3792,"4thQuartile",88000
"1600",3793,"2ndQuartile",55000
"1601",3794,"3rdQuartile",30000
"1602",3796,"4thQuartile",34000
"1603",3800,"3rdQuartile",8000
"1604",3803,"4thQuartile",69000
"1605",3804,"4thQuartile",40000
"1606",3805,"4thQuartile",95000
"1607",3807,"2ndQuartile",51000
"1608",3809,"4thQuartile",100000
"1609",3812,"4thQuartile",100000
"1610",3813,"4thQuartile",44000
"1611",3814,"3rdQuartile",42000
"1612",3815,"4thQuartile",263445
"1613",3819,"1stQuartile",15000
"1614",3821,"1stQuartile",1500
"1615",3822,"1stQuartile",5000
"1616",3825,"1stQuartile",22000
"1617",3829,"2ndQuartile",167803
"1618",3830,"2ndQuartile",45000
"1619",3833,"2ndQuartile",40000
"1620",3836,"4thQuartile",110000
"1621",3837,"3rdQuartile",35000
"1622",3838,"3rdQuartile",85000
"1623",3844,"4thQuartile",65000
"1624",3845,"2ndQuartile",24000
"1625",3846,"3rdQuartile",52000
"1626",3847,"2ndQuartile",67000
"1627",3850,"3rdQuartile",32000
"1628",3851,"2ndQuartile",16000
"1629",3852,"2ndQuartile",14000
"1630",3854,"3rdQuartile",169884
"1631",3855,"4thQuartile",16500
"1632",3860,"4thQuartile",55000
"1633",3861,"4thQuartile",25000
"1634",3863,"4thQuartile",157957
"1635",3865,"4thQuartile",176431
"1636",3866,"3rdQuartile",35000
"1637",3867,"3rdQuartile",1200
"1638",3868,"4thQuartile",43450
"1639",3872,"4thQuartile",30000
"1640",3873,"4thQuartile",50000
"1641",3874,"4thQuartile",519340
"1642",3875,"4thQuartile",92000
"1643",3883,"4thQuartile",45000
"1644",3884,"3rdQuartile",74000
"1645",3886,"4thQuartile",101000
"1646",3888,"4thQuartile",58000
"1647",3889,"4thQuartile",15000
"1648",3890,"4thQuartile",150000
"1649",3892,"4thQuartile",102000
"1650",3894,"4thQuartile",62000
"1651",3895,"4thQuartile",20000
"1652",3897,"2ndQuartile",90000
"1653",3898,"3rdQuartile",110000
"1654",3900,"1stQuartile",32000
"1655",3901,"4thQuartile",45000
"1656",3903,"3rdQuartile",5200
"1657",3904,"3rdQuartile",51000
"1658",3907,"4thQuartile",54000
"1659",3908,"2ndQuartile",30000
"1660",3910,"3rdQuartile",40000
"1661",3911,"3rdQuartile",29000
"1662",3912,"3rdQuartile",80000
"1663",3916,"3rdQuartile",97000
"1664",3922,"4thQuartile",22000
"1665",3929,"1stQuartile",10000
"1666",3933,"1stQuartile",50000
"1667",3938,"1stQuartile",22000
"1668",3949,"1stQuartile",39000
"1669",3952,"2ndQuartile",50000
"1670",3957,"2ndQuartile",68000
"1671",3958,"1stQuartile",40000
"1672",3960,"1stQuartile",38000
"1673",3964,"4thQuartile",39500
"1674",3965,"3rdQuartile",108000
"1675",3966,"4thQuartile",155485
"1676",3967,"3rdQuartile",125000
"1677",3972,"4thQuartile",28500
"1678",3977,"1stQuartile",600
"1679",3978,"1stQuartile",3000
"1680",3980,"4thQuartile",444624
"1681",3985,"1stQuartile",50000
"1682",3989,"2ndQuartile",52000
"1683",3992,"2ndQuartile",39900
"1684",3994,"2ndQuartile",26000
"1685",3995,"1stQuartile",36000
"1686",3996,"1stQuartile",40000
"1687",4001,"3rdQuartile",7800
"1688",4004,"3rdQuartile",46000
"1689",4008,"1stQuartile",79000
"1690",4009,"3rdQuartile",25000
"1691",4010,"4thQuartile",50000
"1692",4013,"1stQuartile",36000
"1693",4014,"1stQuartile",62000
"1694",4015,"2ndQuartile",22000
"1695",4019,"4thQuartile",99000
"1696",4021,"2ndQuartile",27300
"1697",4022,"1stQuartile",90000
"1698",4023,"4thQuartile",65000
"1699",4025,"2ndQuartile",24000
"1700",4028,"1stQuartile",24500
"1701",4030,"2ndQuartile",15000
"1702",4032,"4thQuartile",35000
"1703",4035,"3rdQuartile",25000
"1704",4036,"2ndQuartile",52000
"1705",4041,"3rdQuartile",32000
"1706",4042,"3rdQuartile",68000
"1707",4045,"1stQuartile",50000
"1708",4046,"1stQuartile",18000
"1709",4047,"1stQuartile",2400
"1710",4048,"4thQuartile",25000
"1711",4049,"2ndQuartile",90000
"1712",4051,"4thQuartile",1748
"1713",4053,"2ndQuartile",50000
"1714",4054,"2ndQuartile",45000
"1715",4055,"4thQuartile",206869
"1716",4056,"3rdQuartile",50000
"1717",4057,"3rdQuartile",35000
"1718",4060,"4thQuartile",6000
"1719",4062,"4thQuartile",52000
"1720",4064,"4thQuartile",20000
"1721",4065,"3rdQuartile",9000
"1722",4067,"2ndQuartile",30000
"1723",4068,"1stQuartile",22000
"1724",4071,"1stQuartile",15000
"1725",4077,"3rdQuartile",15000
"1726",4085,"1stQuartile",11000
"1727",4088,"4thQuartile",222924
"1728",4089,"2ndQuartile",20000
"1729",4090,"2ndQuartile",58000
"1730",4092,"3rdQuartile",42000
"1731",4093,"3rdQuartile",65000
"1732",4097,"4thQuartile",66000
"1733",4098,"1stQuartile",38800
"1734",4103,"2ndQuartile",36500
"1735",4105,"1stQuartile",3408
"1736",4106,"4thQuartile",62000
"1737",4107,"4thQuartile",52000
"1738",4108,"3rdQuartile",23900
"1739",4112,"1stQuartile",5700
"1740",4113,"1stQuartile",9600
"1741",4114,"3rdQuartile",34000
"1742",4124,"3rdQuartile",61000
"1743",4128,"2ndQuartile",40000
"1744",4129,"3rdQuartile",45000
"1745",4130,"1stQuartile",32500
"1746",4131,"4thQuartile",50000
"1747",4141,"2ndQuartile",6000
"1748",4142,"1stQuartile",20000
"1749",4145,"1stQuartile",25000
"1750",4147,"3rdQuartile",32624
"1751",4148,"1stQuartile",49000
"1752",4153,"2ndQuartile",75000
"1753",4156,"1stQuartile",68000
"1754",4159,"1stQuartile",30000
"1755",4161,"3rdQuartile",45000
"1756",4163,"4thQuartile",29000
"1757",4164,"3rdQuartile",20000
"1758",4171,"4thQuartile",90000
"1759",4172,"4thQuartile",34900
"1760",4173,"1stQuartile",12500
"1761",4175,"1stQuartile",26000
"1762",4181,"2ndQuartile",15000
"1763",4184,"2ndQuartile",25000
"1764",4191,"4thQuartile",85300
"1765",4196,"1stQuartile",23000
"1766",4200,"1stQuartile",32000
"1767",4201,"1stQuartile",62000
"1768",4205,"1stQuartile",32000
"1769",4216,"3rdQuartile",48000
"1770",4219,"2ndQuartile",42000
"1771",4220,"2ndQuartile",15000
"1772",4222,"3rdQuartile",23031
"1773",4225,"2ndQuartile",20000
"1774",4226,"4thQuartile",85605
"1775",4227,"4thQuartile",47000
"1776",4228,"1stQuartile",75000
"1777",4230,"4thQuartile",89000
"1778",4231,"2ndQuartile",10000
"1779",4235,"1stQuartile",2000
"1780",4236,"4thQuartile",58000
"1781",4239,"2ndQuartile",48000
"1782",4240,"3rdQuartile",50000
"1783",4242,"2ndQuartile",48000
"1784",4245,"3rdQuartile",75210
"1785",4247,"1stQuartile",90000
"1786",4249,"3rdQuartile",26000
"1787",4251,"1stQuartile",62500
"1788",4252,"3rdQuartile",41000
"1789",4254,"2ndQuartile",8900
"1790",4257,"2ndQuartile",34000
"1791",4263,"1stQuartile",16000
"1792",4265,"3rdQuartile",27000
"1793",4268,"4thQuartile",84600
"1794",4274,"1stQuartile",11550
"1795",4278,"3rdQuartile",80000
"1796",4279,"3rdQuartile",150000
"1797",4280,"4thQuartile",49000
"1798",4285,"2ndQuartile",40000
"1799",4289,"4thQuartile",162660
"1800",4290,"4thQuartile",75419
"1801",4292,"3rdQuartile",38000
"1802",4295,"2ndQuartile",76000
"1803",4296,"2ndQuartile",40000
"1804",4297,"3rdQuartile",88000
"1805",4298,"4thQuartile",91000
"1806",4299,"3rdQuartile",42000
"1807",4300,"4thQuartile",56000
"1808",4302,"4thQuartile",53000
"1809",4303,"2ndQuartile",32000
"1810",4306,"4thQuartile",32000
"1811",4310,"2ndQuartile",40000
"1812",4312,"1stQuartile",18000
"1813",4314,"2ndQuartile",30000
"1814",4316,"1stQuartile",8500
"1815",4318,"3rdQuartile",32000
"1816",4323,"2ndQuartile",15500
"1817",4324,"1stQuartile",58000
"1818",4326,"3rdQuartile",13200
"1819",4327,"3rdQuartile",38000
"1820",4330,"1stQuartile",50000
"1821",4333,"2ndQuartile",20000
"1822",4335,"1stQuartile",67000
"1823",4337,"3rdQuartile",23000
"1824",4338,"3rdQuartile",22000
"1825",4339,"3rdQuartile",12000
"1826",4345,"2ndQuartile",14000
"1827",4348,"3rdQuartile",93000
"1828",4350,"4thQuartile",26000
"1829",4352,"4thQuartile",30000
"1830",4353,"3rdQuartile",120000
"1831",4354,"2ndQuartile",20000
"1832",4355,"3rdQuartile",22000
"1833",4358,"4thQuartile",50000
"1834",4366,"4thQuartile",70000
"1835",4372,"4thQuartile",102500
"1836",4374,"1stQuartile",30000
"1837",4379,"4thQuartile",38000
"1838",4382,"4thQuartile",18000
"1839",4386,"1stQuartile",19900
"1840",4390,"1stQuartile",34000
"1841",4391,"3rdQuartile",3500
"1842",4392,"3rdQuartile",37000
"1843",4407,"4thQuartile",185662
"1844",4408,"3rdQuartile",92000
"1845",4409,"1stQuartile",50000
"1846",4410,"3rdQuartile",63000
"1847",4413,"1stQuartile",30000
"1848",4417,"1stQuartile",19000
"1849",4424,"4thQuartile",93000
"1850",4425,"4thQuartile",22000
"1851",4426,"4thQuartile",211052
"1852",4427,"2ndQuartile",45000
"1853",4428,"4thQuartile",42000
"1854",4429,"4thQuartile",49938
"1855",4430,"3rdQuartile",48000
"1856",4438,"1stQuartile",95000
"1857",4447,"4thQuartile",45291
"1858",4448,"4thQuartile",95000
"1859",4459,"2ndQuartile",9000
"1860",4461,"1stQuartile",18000
"1861",4465,"3rdQuartile",15000
"1862",4466,"2ndQuartile",80000
"1863",4468,"3rdQuartile",79000
"1864",4469,"1stQuartile",31200
"1865",4470,"3rdQuartile",75000
"1866",4471,"4thQuartile",140000
"1867",4474,"1stQuartile",30700
"1868",4476,"1stQuartile",25000
"1869",4478,"4thQuartile",53000
"1870",4480,"4thQuartile",202617
"1871",4487,"3rdQuartile",33000
"1872",4488,"4thQuartile",108000
"1873",4496,"3rdQuartile",47000
"1874",4498,"3rdQuartile",39000
"1875",4499,"2ndQuartile",54300
"1876",4503,"1stQuartile",18000
"1877",4505,"1stQuartile",25000
"1878",4506,"1stQuartile",30000
"1879",4508,"3rdQuartile",72000
"1880",4509,"4thQuartile",72899
"1881",4511,"3rdQuartile",125000
"1882",4513,"3rdQuartile",48000
"1883",4514,"4thQuartile",125000
"1884",4517,"1stQuartile",146000
"1885",4518,"1stQuartile",70000
"1886",4519,"2ndQuartile",50000
"1887",4520,"2ndQuartile",40000
"1888",4524,"3rdQuartile",50000
"1889",4528,"3rdQuartile",62987
"1890",4531,"3rdQuartile",113000
"1891",4532,"3rdQuartile",73000
"1892",4534,"3rdQuartile",35000
"1893",4536,"3rdQuartile",11000
"1894",4538,"2ndQuartile",40000
"1895",4540,"2ndQuartile",57000
"1896",4541,"1stQuartile",35000
"1897",4542,"1stQuartile",34000
"1898",4543,"1stQuartile",1800
"1899",4544,"1stQuartile",12000
"1900",4548,"4thQuartile",100000
"1901",4557,"1stQuartile",6580
"1902",4560,"3rdQuartile",21000
"1903",4561,"3rdQuartile",16000
"1904",4563,"2ndQuartile",60000
"1905",4565,"2ndQuartile",98000
"1906",4566,"3rdQuartile",90000
"1907",4569,"3rdQuartile",85000
"1908",4570,"4thQuartile",72000
"1909",4571,"2ndQuartile",27359
"1910",4576,"2ndQuartile",16000
"1911",4579,"4thQuartile",35000
"1912",4582,"2ndQuartile",50000
"1913",4583,"3rdQuartile",21000
"1914",4586,"4thQuartile",38154
"1915",4589,"2ndQuartile",38200
"1916",4590,"3rdQuartile",58000
"1917",4592,"2ndQuartile",48000
"1918",4594,"2ndQuartile",25000
"1919",4595,"2ndQuartile",95000
"1920",4596,"3rdQuartile",65000
"1921",4601,"1stQuartile",30000
"1922",4602,"3rdQuartile",10000
"1923",4604,"2ndQuartile",27412
"1924",4606,"4thQuartile",15000
"1925",4607,"3rdQuartile",55000
"1926",4609,"4thQuartile",194757
"1927",4619,"1stQuartile",9500
"1928",4621,"3rdQuartile",24000
"1929",4623,"1stQuartile",62000
"1930",4624,"2ndQuartile",27581
"1931",4625,"4thQuartile",77000
"1932",4626,"3rdQuartile",130000
"1933",4630,"2ndQuartile",130000
"1934",4632,"3rdQuartile",45000
"1935",4633,"2ndQuartile",90000
"1936",4634,"3rdQuartile",355767
"1937",4635,"4thQuartile",70000
"1938",4636,"1stQuartile",99000
"1939",4637,"1stQuartile",25000
"1940",4638,"1stQuartile",17000
"1941",4641,"3rdQuartile",18000
"1942",4642,"2ndQuartile",90000
"1943",4643,"1stQuartile",56000
"1944",4646,"2ndQuartile",24000
"1945",4651,"2ndQuartile",25000
"1946",4652,"4thQuartile",60000
"1947",4662,"4thQuartile",52000
"1948",4665,"4thQuartile",15000
"1949",4668,"4thQuartile",209400
"1950",4669,"1stQuartile",40000
"1951",4675,"2ndQuartile",38000
"1952",4676,"4thQuartile",45000
"1953",4678,"1stQuartile",5000
"1954",4680,"3rdQuartile",14000
"1955",4681,"1stQuartile",3000
"1956",4683,"3rdQuartile",10000
"1957",4686,"4thQuartile",84000
"1958",4687,"4thQuartile",68651
"1959",4692,"4thQuartile",29000
"1960",4694,"3rdQuartile",4000
"1961",4695,"4thQuartile",91500
"1962",4698,"3rdQuartile",108000
"1963",4699,"3rdQuartile",137000
"1964",4701,"3rdQuartile",197062
"1965",4702,"4thQuartile",100000
"1966",4704,"3rdQuartile",5000
"1967",4707,"3rdQuartile",72000
"1968",4710,"1stQuartile",15000
"1969",4711,"1stQuartile",40000
"1970",4714,"3rdQuartile",45000
"1971",4716,"1stQuartile",58000
"1972",4717,"2ndQuartile",3000
"1973",4720,"2ndQuartile",67000
"1974",4722,"2ndQuartile",35000
"1975",4724,"1stQuartile",8400
"1976",4729,"2ndQuartile",15000
"1977",4731,"1stQuartile",20017
"1978",4732,"1stQuartile",21424
"1979",4733,"1stQuartile",12000
"1980",4734,"1stQuartile",12000
"1981",4738,"3rdQuartile",75000
"1982",4742,"4thQuartile",30000
"1983",4746,"2ndQuartile",36000
"1984",4747,"1stQuartile",12000
"1985",4752,"3rdQuartile",42000
"1986",4753,"4thQuartile",33000
"1987",4754,"4thQuartile",67000
"1988",4755,"2ndQuartile",54000
"1989",4756,"4thQuartile",163271
"1990",4758,"4thQuartile",60000
"1991",4759,"2ndQuartile",62000
"1992",4760,"4thQuartile",34000
"1993",4762,"2ndQuartile",8600
"1994",4764,"2ndQuartile",55000
"1995",4765,"3rdQuartile",70000
"1996",4767,"4thQuartile",40000
"1997",4768,"4thQuartile",30000
"1998",4770,"3rdQuartile",31000
"1999",4772,"2ndQuartile",24000
"2000",4774,"2ndQuartile",4800
"2001",4776,"1stQuartile",41000
"2002",4777,"2ndQuartile",22000
"2003",4778,"1stQuartile",26000
"2004",4779,"1stQuartile",27000
"2005",4780,"2ndQuartile",25000
"2006",4788,"2ndQuartile",66000
"2007",4790,"2ndQuartile",13000
"2008",4793,"4thQuartile",115000
"2009",4795,"4thQuartile",70000
"2010",4798,"4thQuartile",90000
"2011",4799,"4thQuartile",40500
"2012",4803,"4thQuartile",19000
"2013",4804,"2ndQuartile",12000
"2014",4805,"3rdQuartile",90000
"2015",4810,"3rdQuartile",50000
"2016",4812,"4thQuartile",80000
"2017",4813,"3rdQuartile",74000
"2018",4815,"4thQuartile",58000
"2019",4817,"3rdQuartile",35000
"2020",4818,"4thQuartile",21000
"2021",4820,"4thQuartile",25000
"2022",4822,"2ndQuartile",30775
"2023",4825,"4thQuartile",42000
"2024",4826,"3rdQuartile",57000
"2025",4828,"4thQuartile",66768
"2026",4829,"4thQuartile",126000
"2027",4830,"4thQuartile",344856
"2028",4831,"4thQuartile",54500
"2029",4832,"3rdQuartile",57000
"2030",4834,"2ndQuartile",80000
"2031",4839,"3rdQuartile",14000
"2032",4840,"4thQuartile",24226
"2033",4842,"2ndQuartile",37000
"2034",4843,"2ndQuartile",45000
"2035",4844,"1stQuartile",6000
"2036",4849,"2ndQuartile",20000
"2037",4856,"3rdQuartile",60000
"2038",4858,"3rdQuartile",64000
"2039",4859,"4thQuartile",36000
"2040",4862,"4thQuartile",39000
"2041",4864,"2ndQuartile",8575
"2042",4865,"3rdQuartile",25000
"2043",4870,"4thQuartile",6000
"2044",4871,"4thQuartile",34000
"2045",4872,"1stQuartile",56000
"2046",4873,"4thQuartile",55000
"2047",4876,"3rdQuartile",35000
"2048",4879,"3rdQuartile",26500
"2049",4880,"2ndQuartile",27000
"2050",4881,"3rdQuartile",80000
"2051",4883,"2ndQuartile",47000
"2052",4884,"3rdQuartile",33000
"2053",4888,"3rdQuartile",38083
"2054",4889,"4thQuartile",65000
"2055",4890,"2ndQuartile",22000
"2056",4892,"2ndQuartile",72000
"2057",4894,"3rdQuartile",81000
"2058",4896,"4thQuartile",90000
"2059",4899,"1stQuartile",20000
"2060",4900,"2ndQuartile",50000
"2061",4901,"1stQuartile",32000
"2062",4906,"1stQuartile",7300
"2063",4907,"4thQuartile",188255
"2064",4911,"3rdQuartile",6000
"2065",4914,"1stQuartile",29000
"2066",4919,"2ndQuartile",52000
"2067",4921,"4thQuartile",92500
"2068",4922,"3rdQuartile",17000
"2069",4923,"1stQuartile",22000
"2070",4924,"2ndQuartile",33500
"2071",4926,"2ndQuartile",48000
"2072",4927,"4thQuartile",159193
"2073",4929,"2ndQuartile",17900
"2074",4930,"2ndQuartile",18839
"2075",4931,"4thQuartile",33000
"2076",4933,"3rdQuartile",39000
"2077",4934,"1stQuartile",25000
"2078",4937,"1stQuartile",22000
"2079",4939,"3rdQuartile",41000
"2080",4942,"1stQuartile",54000
"2081",4943,"1stQuartile",42000
"2082",4944,"4thQuartile",75000
"2083",4945,"1stQuartile",35000
"2084",4946,"1stQuartile",43000
"2085",4948,"1stQuartile",18000
"2086",4952,"1stQuartile",26000
"2087",4953,"3rdQuartile",22000
"2088",4954,"3rdQuartile",78000
"2089",4955,"3rdQuartile",40000
"2090",4960,"1stQuartile",60000
"2091",4962,"3rdQuartile",36000
"2092",4966,"2ndQuartile",32000
"2093",4967,"3rdQuartile",32500
"2094",4968,"4thQuartile",66948
"2095",4972,"2ndQuartile",3000
"2096",4975,"4thQuartile",60000
"2097",4976,"4thQuartile",94000
"2098",4979,"3rdQuartile",58000
"2099",4981,"1stQuartile",35100
"2100",4983,"1stQuartile",8000
"2101",4986,"1stQuartile",410008
"2102",4987,"4thQuartile",15000
"2103",4992,"2ndQuartile",30000
"2104",4997,"3rdQuartile",62000
"2105",4998,"4thQuartile",69600
"2106",5001,"3rdQuartile",30000
"2107",5003,"3rdQuartile",228453
"2108",5007,"1stQuartile",63000
"2109",5012,"4thQuartile",215765
"2110",5017,"4thQuartile",115000
"2111",5020,"4thQuartile",39000
"2112",5021,"4thQuartile",44000
"2113",5022,"4thQuartile",80000
"2114",5023,"4thQuartile",39000
"2115",5025,"3rdQuartile",40000
"2116",5026,"3rdQuartile",42000
"2117",5028,"4thQuartile",153447
"2118",5029,"4thQuartile",120000
"2119",5037,"1stQuartile",18230
"2120",5041,"1stQuartile",14000
"2121",5042,"1stQuartile",29000
"2122",5043,"2ndQuartile",29993
"2123",5053,"1stQuartile",60000
"2124",5054,"2ndQuartile",34000
"2125",5055,"2ndQuartile",43000
"2126",5060,"1stQuartile",24314
"2127",5062,"3rdQuartile",25000
"2128",5085,"1stQuartile",9600
"2129",5091,"3rdQuartile",56400
"2130",5094,"1stQuartile",10000
"2131",5095,"3rdQuartile",20000
"2132",5096,"3rdQuartile",30000
"2133",5097,"2ndQuartile",119000
"2134",5099,"4thQuartile",40000
"2135",5101,"3rdQuartile",11000
"2136",5102,"2ndQuartile",33000
"2137",5106,"1stQuartile",120000
"2138",5107,"4thQuartile",152683
"2139",5108,"4thQuartile",33000
"2140",5115,"2ndQuartile",27400
"2141",5125,"3rdQuartile",3000
"2142",5128,"3rdQuartile",29000
"2143",5131,"3rdQuartile",21213
"2144",5132,"2ndQuartile",26000
"2145",5134,"2ndQuartile",42000
"2146",5139,"1stQuartile",15000
"2147",5140,"3rdQuartile",10800
"2148",5143,"4thQuartile",62000
"2149",5145,"4thQuartile",36000
"2150",5149,"3rdQuartile",6000
"2151",5151,"2ndQuartile",89000
"2152",5156,"3rdQuartile",100000
"2153",5158,"2ndQuartile",50000
"2154",5159,"2ndQuartile",1200
"2155",5161,"2ndQuartile",37000
"2156",5162,"4thQuartile",100000
"2157",5166,"4thQuartile",75000
"2158",5168,"3rdQuartile",23000
"2159",5170,"4thQuartile",55000
"2160",5174,"4thQuartile",65000
"2161",5176,"1stQuartile",38000
"2162",5178,"3rdQuartile",25000
"2163",5179,"2ndQuartile",23000
"2164",5180,"3rdQuartile",3563
"2165",5184,"2ndQuartile",38000
"2166",5185,"4thQuartile",57000
"2167",5186,"2ndQuartile",29000
"2168",5187,"3rdQuartile",34500
"2169",5188,"2ndQuartile",46000
"2170",5189,"2ndQuartile",27000
"2171",5191,"3rdQuartile",20000
"2172",5192,"1stQuartile",30000
"2173",5193,"2ndQuartile",56000
"2174",5194,"3rdQuartile",32000
"2175",5195,"2ndQuartile",28398
"2176",5197,"3rdQuartile",123000
"2177",5199,"3rdQuartile",15000
"2178",5208,"3rdQuartile",25000
"2179",5211,"1stQuartile",35718
"2180",5212,"3rdQuartile",20000
"2181",5219,"2ndQuartile",83000
"2182",5221,"1stQuartile",35000
"2183",5222,"2ndQuartile",80000
"2184",5226,"4thQuartile",85000
"2185",5227,"2ndQuartile",40000
"2186",5229,"2ndQuartile",32530
"2187",5231,"1stQuartile",12000
"2188",5235,"1stQuartile",70000
"2189",5236,"4thQuartile",8400
"2190",5238,"1stQuartile",22000
"2191",5244,"2ndQuartile",60000
"2192",5245,"3rdQuartile",200977
"2193",5246,"2ndQuartile",31000
"2194",5247,"2ndQuartile",26000
"2195",5248,"2ndQuartile",96000
"2196",5249,"2ndQuartile",36000
"2197",5250,"4thQuartile",55000
"2198",5251,"1stQuartile",50000
"2199",5252,"2ndQuartile",9000
"2200",5254,"2ndQuartile",120000
"2201",5255,"1stQuartile",37100
"2202",5256,"1stQuartile",68000
"2203",5257,"1stQuartile",40000
"2204",5258,"2ndQuartile",33800
"2205",5259,"1stQuartile",3500
"2206",5262,"2ndQuartile",11500
"2207",5263,"3rdQuartile",35000
"2208",5264,"1stQuartile",65000
"2209",5266,"2ndQuartile",98000
"2210",5267,"1stQuartile",50000
"2211",5268,"3rdQuartile",11548
"2212",5269,"1stQuartile",30000
"2213",5272,"1stQuartile",20000
"2214",5274,"2ndQuartile",6000
"2215",5277,"1stQuartile",10000
"2216",5278,"1stQuartile",55000
"2217",5287,"4thQuartile",3200
"2218",5288,"1stQuartile",37500
"2219",5289,"4thQuartile",40264
"2220",5291,"1stQuartile",47500
"2221",5294,"1stQuartile",16000
"2222",5299,"4thQuartile",45000
"2223",5300,"2ndQuartile",63000
"2224",5301,"4thQuartile",29479
"2225",5307,"1stQuartile",28000
"2226",5308,"1stQuartile",11000
"2227",5310,"4thQuartile",59800
"2228",5311,"2ndQuartile",10000
"2229",5315,"2ndQuartile",16000
"2230",5316,"4thQuartile",58000
"2231",5317,"3rdQuartile",7200
"2232",5318,"3rdQuartile",20000
"2233",5325,"4thQuartile",600
"2234",5326,"4thQuartile",35000
"2235",5327,"3rdQuartile",35000
"2236",5329,"1stQuartile",51000
"2237",5330,"3rdQuartile",30000
"2238",5332,"4thQuartile",25000
"2239",5333,"2ndQuartile",29000
"2240",5334,"3rdQuartile",75000
"2241",5338,"2ndQuartile",21939
"2242",5340,"1stQuartile",10000
"2243",5341,"4thQuartile",52000
"2244",5342,"3rdQuartile",95000
"2245",5349,"2ndQuartile",5250
"2246",5350,"1stQuartile",36500
"2247",5351,"4thQuartile",53000
"2248",5352,"3rdQuartile",110000
"2249",5353,"3rdQuartile",3200
"2250",5356,"3rdQuartile",36800
"2251",5357,"1stQuartile",34000
"2252",5358,"4thQuartile",55000
"2253",5360,"2ndQuartile",14000
"2254",5361,"2ndQuartile",3000
"2255",5362,"3rdQuartile",56000
"2256",5363,"1stQuartile",52000
"2257",5365,"1stQuartile",65000
"2258",5366,"4thQuartile",35000
"2259",5372,"4thQuartile",12000
"2260",5373,"4thQuartile",35000
"2261",5374,"3rdQuartile",38400
"2262",5376,"4thQuartile",12000
"2263",5377,"4thQuartile",56000
"2264",5381,"4thQuartile",46000
"2265",5385,"2ndQuartile",8000
"2266",5388,"4thQuartile",18000
"2267",5389,"4thQuartile",53000
"2268",5390,"3rdQuartile",52000
"2269",5391,"2ndQuartile",40000
"2270",5392,"3rdQuartile",52000
"2271",5393,"4thQuartile",59850
"2272",5394,"3rdQuartile",42000
"2273",5395,"3rdQuartile",35000
"2274",5397,"3rdQuartile",23699
"2275",5398,"4thQuartile",135000
"2276",5401,"4thQuartile",35000
"2277",5402,"1stQuartile",50000
"2278",5404,"2ndQuartile",29500
"2279",5406,"2ndQuartile",32000
"2280",5408,"2ndQuartile",40000
"2281",5410,"4thQuartile",57000
"2282",5416,"4thQuartile",15000
"2283",5417,"4thQuartile",196680
"2284",5418,"2ndQuartile",60000
"2285",5419,"4thQuartile",81000
"2286",5420,"4thQuartile",125000
"2287",5421,"4thQuartile",13000
"2288",5427,"2ndQuartile",38000
"2289",5428,"3rdQuartile",45000
"2290",5430,"3rdQuartile",37000
"2291",5435,"3rdQuartile",36000
"2292",5436,"2ndQuartile",29000
"2293",5439,"4thQuartile",110000
"2294",5440,"4thQuartile",38000
"2295",5441,"1stQuartile",150000
"2296",5442,"1stQuartile",6800
"2297",5445,"2ndQuartile",14000
"2298",5446,"1stQuartile",9600
"2299",5447,"1stQuartile",27300
"2300",5450,"1stQuartile",8500
"2301",5451,"1stQuartile",50000
"2302",5453,"2ndQuartile",6000
"2303",5456,"1stQuartile",25000
"2304",5461,"1stQuartile",71776
"2305",5469,"1stQuartile",7200
"2306",5470,"2ndQuartile",43000
"2307",5474,"3rdQuartile",62000
"2308",5476,"1stQuartile",26000
"2309",5484,"1stQuartile",900
"2310",5485,"1stQuartile",47000
"2311",5486,"1stQuartile",20500
"2312",5488,"1stQuartile",350
"2313",5489,"4thQuartile",91000
"2314",5491,"2ndQuartile",52000
"2315",5493,"2ndQuartile",56000
"2316",5494,"2ndQuartile",29800
"2317",5499,"1stQuartile",50000
"2318",5500,"2ndQuartile",40000
"2319",5502,"1stQuartile",16000
"2320",5504,"3rdQuartile",95000
"2321",5505,"1stQuartile",22050
"2322",5508,"1stQuartile",20000
"2323",5510,"1stQuartile",20000
"2324",5511,"3rdQuartile",28000
"2325",5512,"3rdQuartile",55000
"2326",5513,"4thQuartile",25000
"2327",5514,"2ndQuartile",10000
"2328",5516,"1stQuartile",22500
"2329",5518,"1stQuartile",40000
"2330",5519,"1stQuartile",18000
"2331",5521,"4thQuartile",18560
"2332",5522,"3rdQuartile",3000
"2333",5524,"1stQuartile",1300
"2334",5528,"1stQuartile",38000
"2335",5531,"3rdQuartile",110000
"2336",5537,"1stQuartile",19000
"2337",5538,"1stQuartile",15000
"2338",5539,"4thQuartile",25000
"2339",5540,"2ndQuartile",125000
"2340",5543,"4thQuartile",133000
"2341",5544,"1stQuartile",10056
"2342",5545,"2ndQuartile",16000
"2343",5546,"2ndQuartile",32000
"2344",5550,"1stQuartile",11000
"2345",5551,"1stQuartile",29000
"2346",5555,"2ndQuartile",14000
"2347",5558,"1stQuartile",45000
"2348",5565,"2ndQuartile",36000
"2349",5566,"2ndQuartile",25000
"2350",5568,"3rdQuartile",38000
"2351",5572,"3rdQuartile",31000
"2352",5573,"2ndQuartile",24000
"2353",5575,"3rdQuartile",15785
"2354",5576,"2ndQuartile",34000
"2355",5580,"2ndQuartile",47000
"2356",5581,"2ndQuartile",22000
"2357",5585,"1stQuartile",54000
"2358",5590,"3rdQuartile",42000
"2359",5591,"3rdQuartile",65000
"2360",5592,"4thQuartile",33000
"2361",5594,"3rdQuartile",79000
"2362",5599,"3rdQuartile",82000
"2363",5603,"1stQuartile",36000
"2364",5604,"1stQuartile",40000
"2365",5607,"1stQuartile",30000
"2366",5609,"1stQuartile",24000
"2367",5611,"2ndQuartile",18000
"2368",5612,"2ndQuartile",26500
"2369",5613,"1stQuartile",30000
"2370",5614,"1stQuartile",26000
"2371",5616,"1stQuartile",35000
"2372",5617,"1stQuartile",20000
"2373",5618,"2ndQuartile",43000
"2374",5621,"2ndQuartile",44000
"2375",5623,"4thQuartile",96000
"2376",5624,"3rdQuartile",36000
"2377",5625,"3rdQuartile",40000
"2378",5626,"3rdQuartile",52000
"2379",5637,"1stQuartile",52000
"2380",5640,"1stQuartile",30000
"2381",5646,"2ndQuartile",33000
"2382",5649,"3rdQuartile",22000
"2383",5653,"3rdQuartile",52000
"2384",5655,"4thQuartile",90000
"2385",5661,"3rdQuartile",1600
"2386",5666,"3rdQuartile",80000
"2387",5667,"4thQuartile",198032
"2388",5668,"3rdQuartile",60000
"2389",5669,"2ndQuartile",38000
"2390",5671,"4thQuartile",20000
"2391",5674,"2ndQuartile",8000
"2392",5675,"4thQuartile",67500
"2393",5676,"3rdQuartile",15000
"2394",5677,"3rdQuartile",72000
"2395",5684,"1stQuartile",12000
"2396",5690,"3rdQuartile",70000
"2397",5694,"3rdQuartile",42000
"2398",5696,"2ndQuartile",72000
"2399",5699,"4thQuartile",45000
"2400",5700,"4thQuartile",70000
"2401",5701,"3rdQuartile",114000
"2402",5702,"3rdQuartile",24000
"2403",5703,"3rdQuartile",42500
"2404",5705,"4thQuartile",10900
"2405",5708,"4thQuartile",33000
"2406",5710,"4thQuartile",53000
"2407",5711,"2ndQuartile",42000
"2408",5712,"4thQuartile",26280
"2409",5713,"3rdQuartile",44328
"2410",5718,"3rdQuartile",9000
"2411",6285,"2ndQuartile",60000
"2412",11751,"1stQuartile",10000
"2413",11755,"1stQuartile",60000
"2414",11758,"4thQuartile",70000
"2415",11759,"2ndQuartile",50000
"2416",11760,"1stQuartile",4000
"2417",11762,"1stQuartile",100000
"2418",11763,"2ndQuartile",146000
"2419",11769,"3rdQuartile",8000
"2420",11776,"1stQuartile",25000
"2421",11777,"4thQuartile",74500
"2422",11778,"3rdQuartile",32900
"2423",11779,"4thQuartile",1500
"2424",11785,"1stQuartile",78000
"2425",11786,"2ndQuartile",65000
"2426",11787,"1stQuartile",8000
"2427",11791,"3rdQuartile",123000
"2428",11792,"3rdQuartile",19000
"2429",11793,"1stQuartile",56000
"2430",11794,"1stQuartile",40000
"2431",11796,"4thQuartile",24000
"2432",11797,"2ndQuartile",1200
"2433",11798,"2ndQuartile",17000
"2434",11799,"1stQuartile",32000
"2435",11800,"1stQuartile",60000
"2436",11801,"1stQuartile",350
"2437",11806,"2ndQuartile",63000
"2438",11807,"2ndQuartile",80000
"2439",11809,"3rdQuartile",39000
"2440",11811,"1stQuartile",8000
"2441",11813,"1stQuartile",30456
"2442",11814,"1stQuartile",9000
"2443",11815,"1stQuartile",1300
"2444",11816,"4thQuartile",19500
"2445",11818,"1stQuartile",13000
"2446",11819,"2ndQuartile",27700
"2447",11820,"3rdQuartile",50000
"2448",11822,"2ndQuartile",57500
"2449",11830,"1stQuartile",2000
"2450",11832,"1stQuartile",15000
"2451",11833,"1stQuartile",25000
"2452",11835,"3rdQuartile",14000
"2453",11838,"1stQuartile",52000
"2454",11839,"2ndQuartile",45000
"2455",11841,"2ndQuartile",57000
"2456",11844,"1stQuartile",20108
"2457",11845,"2ndQuartile",40000
"2458",11846,"1stQuartile",54000
"2459",11848,"2ndQuartile",24500
"2460",11849,"1stQuartile",50000
"2461",11850,"1stQuartile",32000
"2462",11851,"3rdQuartile",80000
"2463",11854,"3rdQuartile",87000
"2464",11858,"2ndQuartile",24000
"2465",11860,"3rdQuartile",40000
"2466",11863,"4thQuartile",77919
"2467",11864,"1stQuartile",24000
"2468",11865,"3rdQuartile",42500
"2469",11867,"1stQuartile",28000
"2470",11868,"2ndQuartile",102831
"2471",11869,"4thQuartile",38400
"2472",11870,"3rdQuartile",11000
"2473",11872,"4thQuartile",24500
"2474",11875,"3rdQuartile",57000
"2475",11878,"2ndQuartile",22000
"2476",11879,"3rdQuartile",13691
"2477",11880,"2ndQuartile",15000
"2478",11881,"4thQuartile",15000
"2479",11883,"3rdQuartile",44000
"2480",11884,"1stQuartile",2200
"2481",11886,"4thQuartile",10000
"2482",11887,"3rdQuartile",24200
"2483",11889,"3rdQuartile",40000
"2484",11890,"1stQuartile",50400
"2485",11891,"1stQuartile",10000
"2486",11894,"2ndQuartile",30330
"2487",11897,"4thQuartile",64000
"2488",11898,"4thQuartile",58500
"2489",11901,"2ndQuartile",29000
"2490",11902,"2ndQuartile",48000
"2491",11905,"2ndQuartile",60000
"2492",11909,"2ndQuartile",16000
"2493",11911,"3rdQuartile",46000
"2494",11916,"2ndQuartile",38000
"2495",11917,"3rdQuartile",35000
"2496",11918,"4thQuartile",85000
"2497",11920,"4thQuartile",338101
"2498",11923,"2ndQuartile",12000
"2499",11924,"4thQuartile",68458
"2500",11925,"3rdQuartile",58000
"2501",11926,"4thQuartile",45000
"2502",11929,"4thQuartile",82000
"2503",11932,"1stQuartile",10000
"2504",11934,"1stQuartile",90000
"2505",11935,"1stQuartile",24000
"2506",11936,"2ndQuartile",125000
"2507",11937,"1stQuartile",43000
"2508",11939,"1stQuartile",15000
"2509",11940,"2ndQuartile",14000
"2510",11942,"2ndQuartile",39000
"2511",11945,"1stQuartile",40000
"2512",11947,"1stQuartile",90000
"2513",11949,"1stQuartile",26000
"2514",11950,"1stQuartile",2000
"2515",11955,"3rdQuartile",42000
"2516",11958,"2ndQuartile",75000
"2517",11971,"1stQuartile",39000
"2518",11972,"2ndQuartile",110500
"2519",11973,"3rdQuartile",60000
"2520",11981,"1stQuartile",31000
"2521",11990,"4thQuartile",70000
"2522",11993,"2ndQuartile",40000
"2523",12000,"2ndQuartile",33000
"2524",12005,"2ndQuartile",35000
"2525",12006,"3rdQuartile",17000
"2526",12008,"2ndQuartile",60000
"2527",12010,"4thQuartile",53000
"2528",12012,"3rdQuartile",65000
"2529",12014,"4thQuartile",85000
"2530",12016,"3rdQuartile",150000
"2531",12018,"4thQuartile",52900
"2532",12019,"3rdQuartile",58000
"2533",12022,"2ndQuartile",63000
"2534",12023,"3rdQuartile",65000
"2535",12031,"3rdQuartile",40000
"2536",12032,"1stQuartile",24000
"2537",12034,"3rdQuartile",161182
"2538",12036,"4thQuartile",28900
"2539",12039,"3rdQuartile",22000
"2540",12041,"1stQuartile",46000
"2541",12042,"1stQuartile",3000
"2542",12043,"1stQuartile",628
"2543",12044,"2ndQuartile",45000
"2544",12045,"4thQuartile",49000
"2545",12052,"3rdQuartile",32000
"2546",12055,"2ndQuartile",51000
"2547",12057,"3rdQuartile",3000
"2548",12061,"4thQuartile",42000
"2549",12062,"1stQuartile",20000
"2550",12064,"4thQuartile",158730
"2551",12065,"2ndQuartile",56000
"2552",12066,"1stQuartile",3000
"2553",12068,"4thQuartile",49000
"2554",12070,"2ndQuartile",34000
"2555",12076,"3rdQuartile",6000
"2556",12082,"2ndQuartile",4000
"2557",12083,"2ndQuartile",22000
"2558",12084,"2ndQuartile",33793
"2559",12087,"1stQuartile",3000
"2560",12088,"4thQuartile",37000
"2561",12089,"3rdQuartile",40000
"2562",12090,"2ndQuartile",30000
"2563",12092,"2ndQuartile",30000
"2564",12093,"3rdQuartile",82000
"2565",12097,"2ndQuartile",54000
"2566",12098,"4thQuartile",53000
"2567",12102,"3rdQuartile",100000
"2568",12104,"4thQuartile",36323
"2569",12106,"3rdQuartile",120000
"2570",12110,"2ndQuartile",91000
"2571",12116,"3rdQuartile",90000
"2572",12119,"2ndQuartile",45000
"2573",12122,"1stQuartile",30000
"2574",12125,"1stQuartile",42000
"2575",12126,"1stQuartile",21000
"2576",12128,"3rdQuartile",30000
"2577",12129,"3rdQuartile",39500
"2578",12130,"1stQuartile",24000
"2579",12131,"2ndQuartile",23000
"2580",12133,"1stQuartile",11560
"2581",12135,"1stQuartile",22000
"2582",12138,"2ndQuartile",21000
"2583",12139,"1stQuartile",12600
"2584",12140,"1stQuartile",45000
