"","avg.sleep","accidents","military","hourly.pay"
"1",4.88,0,"Active",3.5
"2",5.54,0,"Active",3.48
"3",9.12,0,"Active",3.99
"4",6.14,0,"Active",3.93
"5",6.26,0,"Active",2.73
"6",9.43,0,"Active",4.52
"7",6.92,0,"Active",4.12
"8",3.47,0,"Active",5.21
"9",4.63,1,"Active",4.34
"10",5.11,0,"Active",3.78
"11",8.45,0,"Active",5.4
"12",6.72,0,"Active",5.42
"13",6.8,0,"Active",3.39
"14",6.22,0,"Active",4.23
"15",4.89,0,"Active",3.89
"16",9.57,0,"Active",4.09
"17",7,0,"Active",4.11
"18",2.07,2,"Active",3.37
"19",7.4,0,"Active",4.14
"20",5.05,0,"Active",4.87
"21",3.86,0,"Active",3.92
"22",5.56,0,"Active",3.92
"23",3.95,1,"Active",4.7
"24",4.54,0,"Active",4.45
"25",4.75,0,"Active",3.18
"26",2.63,1,"Active",4.11
"27",7.68,0,"Active",4.83
"28",6.31,0,"Active",4.71
"29",3.72,1,"Active",4.21
"30",8.51,0,"Active",4.36
"31",6.85,0,"Active",3.4
"32",5.41,0,"Active",4.15
"33",7.79,0,"Active",3.52
"34",7.76,0,"Active",3.77
"35",7.64,0,"Active",4.47
"36",7.38,0,"Active",3.43
"37",7.11,0,"Active",4.13
"38",5.88,0,"Active",4.21
"39",5.39,0,"Active",4.03
"40",5.24,0,"Active",4.91
"41",4.61,0,"Active",3.49
"42",5.58,0,"Active",4.3
"43",3.47,0,"Active",3.96
"44",10.34,0,"Active",3.87
"45",8.42,0,"Active",4.23
"46",3.75,0,"Active",3.49
"47",5.19,0,"Active",3.34
"48",5.07,0,"Active",3.75
"49",7.56,0,"Active",4.88
"50",5.83,0,"Active",4.03
"51",6.51,0,"Active",4.17
"52",5.94,0,"Active",3.91
"53",5.91,0,"Active",4.24
"54",8.74,0,"Active",3.52
"55",5.55,0,"Active",4.58
"56",9.03,0,"Active",4.29
"57",2.9,1,"Active",3.6
"58",7.17,0,"Active",4.03
"59",6.25,0,"Active",4.36
"60",6.43,0,"Active",4.28
"61",6.76,0,"Active",4.74
"62",5,0,"Active",3.69
"63",5.33,0,"Active",4.56
"64",3.96,0,"Active",4.52
"65",3.86,0,"Active",3.92
"66",6.61,0,"Active",3.51
"67",6.9,0,"Active",3.46
"68",6.11,0,"Active",4.23
"69",7.84,0,"Active",3.96
"70",10.1,0,"Active",4.89
"71",5.02,0,"Active",4.27
"72",1.38,4,"Active",3.81
"73",8.01,0,"Active",3.49
"74",4.58,0,"Active",3.71
"75",4.62,0,"Active",4.17
"76",8.05,0,"Active",3.77
"77",5.43,0,"Active",4.26
"78",3.56,0,"Active",3.83
"79",6.36,0,"Active",3.95
"80",5.72,0,"Active",3.63
"81",6.01,0,"Active",4.95
"82",6.77,0,"Active",4.17
"83",5.26,0,"Active",4.12
"84",7.29,0,"Active",3.15
"85",5.56,0,"Active",4.33
"86",6.66,0,"Active",3.49
"87",8.19,0,"Active",3.55
"88",6.87,0,"Active",4.46
"89",5.35,0,"Active",3.77
"90",8.3,0,"Active",3.13
"91",7.99,0,"Active",4.88
"92",7.1,0,"Active",2.81
"93",6.48,0,"Active",4.29
"94",4.74,0,"Active",4.51
"95",8.72,0,"Active",3.68
"96",4.8,0,"Active",4.22
"97",10.37,0,"Active",4.22
"98",9.07,0,"Active",4.52
"99",5.53,0,"Active",4.24
"100",3.95,0,"Active",3.88
"101",4.58,0,"Active",4.46
"102",6.51,0,"Active",4.4
"103",5.51,0,"Active",3.53
"104",5.3,0,"Active",3.3
"105",4.1,0,"Active",4.08
"106",5.91,0,"Active",3.86
"107",4.43,0,"Active",3.51
"108",2.66,1,"Active",4.04
"109",5.24,0,"Active",3.34
"110",7.84,0,"Active",4.08
"111",4.85,0,"Active",3.69
"112",7.22,0,"Active",4.48
"113",2.76,1,"Active",5.21
"114",5.89,0,"Active",3.54
"115",7.04,0,"Active",4.53
"116",6.6,0,"Active",4.41
"117",6.21,0,"Active",3.96
"118",4.72,0,"Active",3.77
"119",4.3,0,"Active",4.79
"120",3.95,0,"Active",3
"121",6.24,0,"Active",3.68
"122",4.11,0,"Active",3.28
"123",5.02,0,"Active",4.7
"124",5.49,0,"Active",3.9
"125",9.69,0,"Active",3.74
"126",4.7,0,"Active",5.59
"127",6.47,0,"Active",3.97
"128",6.16,0,"Active",3.78
"129",4.08,0,"Active",4.15
"130",5.86,0,"Active",3.22
"131",8.89,0,"Active",4.25
"132",6.9,0,"Active",3.95
"133",6.08,0,"Active",4.23
"134",5.16,0,"Active",3.51
"135",1.89,1,"Active",3.49
"136",8.26,0,"Active",3.65
"137",3.08,1,"Active",3.62
"138",7.48,0,"Active",4.65
"139",9.82,0,"Active",4.79
"140",3.11,0,"Active",3.92
"141",7.4,0,"Active",3.82
"142",5.48,0,"Active",3.84
"143",2.86,0,"Active",4.03
"144",2.97,1,"Active",4.05
"145",2.8,1,"Active",4.15
"146",4.94,0,"Active",3.63
"147",3.08,1,"Active",3.58
"148",7.38,0,"Active",4.6
"149",10.2,0,"Active",3.73
"150",3.43,1,"Active",4.15
"151",7.58,0,"Active",3.97
"152",7.54,0,"Active",3.52
"153",6.66,0,"Active",4.3
"154",3.98,1,"Active",4.09
"155",5.76,0,"Active",4.7
"156",5.44,0,"Active",4.06
"157",7.13,0,"Active",3.83
"158",5.26,0,"Active",4.14
"159",7.95,0,"Active",3.41
"160",5.25,0,"Active",3.58
"161",8.11,0,"Active",4.26
"162",3.9,1,"Active",3.83
"163",3.48,0,"Active",3.97
"164",12.48,0,"Active",3.94
"165",5.17,0,"Active",3.67
"166",6.6,0,"Active",2.99
"167",7.27,0,"Active",4.17
"168",5.03,0,"Active",4.38
"169",7.03,0,"Active",3.36
"170",6.74,0,"Active",4.74
"171",5.57,0,"Active",4.19
"172",6.13,0,"Active",4.67
"173",5.93,0,"Active",3.52
"174",10.26,0,"Active",4.08
"175",4.52,0,"Active",3.95
"176",3.81,0,"Active",4.38
"177",6.08,0,"Active",3.71
"178",6.62,0,"Active",3.99
"179",6.87,0,"Active",3.11
"180",5.08,0,"Active",3.61
"181",3.87,1,"Active",4.06
"182",8.53,0,"Active",3.65
"183",5.3,0,"Active",3.98
"184",4.27,0,"Active",3.77
"185",5.53,0,"Active",4.3
"186",5.61,0,"Active",4.58
"187",8.22,0,"Active",3.59
"188",6.17,0,"Active",3.85
"189",7.51,0,"Active",4.72
"190",5,0,"Active",2.9
"191",6.43,0,"Active",3.84
"192",5.35,0,"Active",5.03
"193",6.19,0,"Active",5.1
"194",4.21,0,"Active",4.08
"195",3.38,1,"Active",3.57
"196",9.99,0,"Active",4.08
"197",7.2,0,"Active",3.67
"198",3.5,0,"Active",4.73
"199",4.78,0,"Active",3.6
"200",3.63,1,"Active",4.19
"201",10.4,0,"Active",4.31
"202",8.62,0,"Active",3.62
"203",5.47,0,"Active",4.43
"204",7.09,0,"Active",3.63
"205",5.17,0,"Active",4.32
"206",5.05,0,"Active",4.55
"207",4.42,0,"Active",3.51
"208",4.81,0,"Active",4.55
"209",9.3,0,"Active",3.76
"210",5.89,0,"Active",4.15
"211",6.24,0,"Active",4.1
"212",6.49,0,"Active",3.79
"213",8.46,0,"Active",4.13
"214",4.97,0,"Active",3.38
"215",4.01,1,"Active",3.93
"216",9.35,0,"Active",4.41
"217",5.12,0,"Active",2.91
"218",4.55,0,"Active",3.26
"219",3.53,1,"Active",3.42
"220",3.43,1,"Active",3.21
"221",4.85,0,"Active",4.21
"222",7.24,0,"Active",3.5
"223",8.22,0,"Active",2.92
"224",7.42,0,"Active",3.68
"225",5.27,0,"Active",3.8
"226",6.12,0,"Active",4.43
"227",4.59,0,"Active",3.45
"228",4.57,0,"Active",4.58
"229",7.77,0,"Active",4.2
"230",3.97,0,"Active",4.18
"231",9.91,0,"Active",3.57
"232",5.82,0,"Active",4.98
"233",6.43,0,"Active",3.92
"234",4.52,0,"Active",3.09
"235",4.85,0,"Active",3.9
"236",3.37,1,"Active",3.03
"237",5.63,0,"Active",3.84
"238",6.84,0,"Active",3.79
"239",6.65,0,"Active",4.34
"240",4.44,0,"Active",4.5
"241",4.42,0,"Active",3.64
"242",5,0,"Active",4.4
"243",8.99,0,"Active",4.71
"244",3.73,0,"Active",3.61
"245",5.64,0,"Active",3.67
"246",9.8,0,"Active",4.33
"247",5.8,0,"Active",4.09
"248",3.28,1,"Active",4.27
"249",4.67,0,"Active",4.7
"250",6.97,0,"Active",4.19
"251",5.25,0,"Active",4.53
"252",4.88,0,"Active",4.31
"253",5.31,0,"Active",4.22
"254",6.18,0,"Active",4.19
"255",9.2,0,"Active",4.65
"256",5.82,0,"Active",3.5
"257",8.16,0,"Active",3.45
"258",7.26,0,"Active",4.3
"259",5.77,0,"Active",3.94
"260",2.93,1,"Active",4.04
"261",4.96,0,"Active",4.37
"262",5.02,0,"Active",4.38
"263",6.09,0,"Active",3.87
"264",8.6,0,"Active",3.84
"265",10.59,0,"Active",4.04
"266",9.1,0,"Active",4.53
"267",5.73,0,"Active",4.21
"268",2.49,1,"Active",4.72
"269",5.22,0,"Active",4
"270",6.18,0,"Active",4.56
"271",7.69,0,"Active",4.44
"272",7.93,0,"Active",4.31
"273",7.37,0,"Active",4.21
"274",3.21,1,"Active",3.86
"275",7.7,0,"Active",3.95
"276",5.11,0,"Active",4.11
"277",6.35,0,"Active",4.02
"278",6.15,0,"Active",4.47
"279",6.86,0,"Active",3.95
"280",6.05,0,"Active",3.96
"281",2.67,1,"Active",3.76
"282",7.47,0,"Active",3.93
"283",6.77,0,"Active",3.97
"284",5.47,0,"Active",2.84
"285",6.24,0,"Active",3.32
"286",6.27,0,"Active",3.96
"287",6.44,0,"Active",3.87
"288",9.28,0,"Active",3.4
"289",5.56,0,"Active",3
"290",6.34,0,"Active",3.82
"291",8.34,0,"Active",4.33
"292",8.11,0,"Active",4.89
"293",8.29,0,"Active",3.98
"294",4.85,0,"Active",4.75
"295",10,0,"Active",4.04
"296",6.13,0,"Active",4.06
"297",9.73,0,"Active",4.16
"298",3.3,1,"Active",3.56
"299",6.04,0,"Active",3.97
"300",8.5,0,"Active",4.45
"301",4.57,0,"Active",3.63
"302",4.49,0,"Active",3.84
"303",4.12,0,"Active",3.43
"304",3.89,1,"Active",4.18
"305",5.13,0,"Active",4.21
"306",6.66,0,"Active",4.32
"307",1.97,8,"Active",3.39
"308",6.42,0,"Active",4.05
"309",8.47,0,"Active",3.53
"310",10.08,0,"Active",4
"311",8.6,0,"Active",4.67
"312",7.51,0,"Active",3.75
"313",2.55,2,"Active",4.36
"314",4.8,0,"Active",3.63
"315",5.3,0,"Active",3.76
"316",7.41,0,"Active",4.22
"317",5.79,0,"Active",3.66
"318",3.48,1,"Active",3.15
"319",9.37,0,"Active",4.63
"320",7.82,0,"Active",4.18
"321",6.47,0,"Active",3.71
"322",8.44,0,"Active",3
"323",3.32,1,"Active",4.95
"324",7.32,0,"Active",5.7
"325",4.95,0,"Active",4.1
"326",7.37,0,"Active",4.42
"327",5.88,0,"Active",4.61
"328",7.27,0,"Active",3.65
"329",8.67,0,"Active",3.82
"330",6.01,0,"Active",3.14
"331",8.04,0,"Active",3.63
"332",3.62,1,"Active",4.31
"333",4.56,0,"Active",3.85
"334",9.04,0,"Active",3.89
"335",6.75,0,"Active",3.94
"336",1.9,3,"Active",3.07
"337",3.27,1,"Active",4.42
"338",5.6,0,"Active",3.28
"339",7.73,0,"Active",3.9
"340",5.8,0,"Active",3.78
"341",7.25,0,"Active",3.89
"342",7.92,0,"Active",4.73
"343",9.34,0,"Active",3.71
"344",6.11,0,"Active",3.61
"345",5.9,0,"Active",3.24
"346",2.49,2,"Active",3.6
"347",6.2,0,"Active",3.42
"348",4.86,0,"Active",4.2
"349",4.05,0,"Active",3.57
"350",5.64,0,"Active",4.15
"351",8.03,0,"Active",3.93
"352",2.01,4,"Active",3.28
"353",5.15,0,"Active",3.6
"354",6.23,0,"Active",4.44
"355",4.21,1,"Active",4.45
"356",6.67,0,"Active",5
"357",6.82,0,"Active",4
"358",5.93,0,"Active",3.25
"359",1.07,6,"Active",3.62
"360",11.14,0,"Active",4.2
"361",5.59,0,"Active",4.95
"362",7.3,0,"Active",4.06
"363",6.55,0,"Active",4.57
"364",8.05,0,"Active",4.38
"365",7.64,0,"Active",3.42
"366",5.58,0,"Active",3.91
"367",6.76,0,"Active",4.65
"368",4.11,0,"Active",4.44
"369",7.71,0,"Active",4.23
"370",5.08,0,"Active",4.24
"371",10.83,0,"Active",3.75
"372",2.7,1,"Active",3.34
"373",5.07,0,"Active",4.65
"374",7.65,0,"Active",3.29
"375",7.02,0,"Active",3.53
"376",4.82,0,"Active",4.31
"377",4.01,1,"Active",3.37
"378",6.29,0,"Active",3.72
"379",5.97,0,"Active",3.41
"380",2.42,1,"Active",4.31
"381",6.07,0,"Active",4.22
"382",6.38,0,"Active",4.21
"383",6.35,0,"Active",4.22
"384",3.89,1,"Active",4.28
"385",6.95,0,"Active",4.32
"386",8.76,0,"Active",3.02
"387",6.91,0,"Active",3.93
"388",3.73,0,"Active",4.06
"389",5.13,0,"Active",4.36
"390",6.69,0,"Active",3.41
"391",4.71,0,"Active",3.75
"392",1.68,3,"Active",3.46
"393",7.77,0,"Active",4.53
"394",4.34,0,"Active",4.64
"395",4.85,0,"Active",4.39
"396",9.01,0,"Active",3.39
"397",4.45,0,"Active",4.23
"398",7.69,0,"Active",4.58
"399",3.48,1,"Active",4.08
"400",5.29,0,"Active",3.72
"401",5.85,0,"Non-Active",3.46
"402",3.66,0,"Non-Active",3.67
"403",4.73,0,"Non-Active",4.36
"404",5.94,0,"Non-Active",3.78
"405",7.34,1,"Non-Active",4.11
"406",2.7,2,"Non-Active",4.65
"407",5.3,1,"Non-Active",4.29
"408",7.51,0,"Non-Active",4.68
"409",4.92,1,"Non-Active",3.15
"410",6.45,0,"Non-Active",3.86
"411",6.98,1,"Non-Active",4.03
"412",6.54,0,"Non-Active",4.29
"413",7.31,0,"Non-Active",3.42
"414",5.75,1,"Non-Active",4.4
"415",5.17,0,"Non-Active",4.15
"416",0.71,6,"Non-Active",4.13
"417",5.81,1,"Non-Active",4.25
"418",6.86,1,"Non-Active",3.94
"419",7.07,1,"Non-Active",4.46
"420",4.89,0,"Non-Active",4.32
"421",9.56,1,"Non-Active",3.92
"422",6.57,0,"Non-Active",4.52
"423",6.25,1,"Non-Active",4.15
"424",8.54,1,"Non-Active",4.33
"425",4.56,0,"Non-Active",3.7
"426",5.1,0,"Non-Active",4.79
"427",10.79,0,"Non-Active",4
"428",6.02,0,"Non-Active",4.42
"429",9.27,1,"Non-Active",3.95
"430",3.12,2,"Non-Active",3.86
"431",5.62,0,"Non-Active",4.39
"432",6.76,0,"Non-Active",3.21
"433",6.6,0,"Non-Active",4.24
"434",3.99,0,"Non-Active",4.2
"435",6.04,1,"Non-Active",2.65
"436",3.85,2,"Non-Active",4.18
"437",7.43,0,"Non-Active",2.92
"438",8.17,0,"Non-Active",4.33
"439",1.55,3,"Non-Active",3.77
"440",8.47,0,"Non-Active",3.65
"441",3.52,1,"Non-Active",4
"442",6.91,1,"Non-Active",4.69
"443",7.32,1,"Non-Active",3.68
"444",5.6,1,"Non-Active",4.28
"445",4.71,1,"Non-Active",4.17
"446",6.33,0,"Non-Active",3.41
"447",6.88,0,"Non-Active",3.13
"448",7.77,1,"Non-Active",3
"449",1.9,4,"Non-Active",4.28
"450",2.73,1,"Non-Active",3.98
"451",8.86,0,"Non-Active",4.93
"452",8.09,1,"Non-Active",4.29
"453",6.87,1,"Non-Active",4.42
"454",7.43,0,"Non-Active",4.67
"455",7.83,1,"Non-Active",3.75
"456",0.68,10,"Non-Active",4.26
"457",8.22,1,"Non-Active",4.43
"458",5.03,1,"Non-Active",4.68
"459",6.46,0,"Non-Active",4.38
"460",5.41,0,"Non-Active",4.21
"461",7.74,0,"Non-Active",3.57
"462",5.3,0,"Non-Active",4.36
"463",7.04,0,"Non-Active",4.25
"464",5.22,0,"Non-Active",4.32
"465",3.81,2,"Non-Active",4.21
"466",8.42,0,"Non-Active",3.9
"467",7.48,1,"Non-Active",3.96
"468",9.45,1,"Non-Active",4.34
"469",6.13,1,"Non-Active",4.09
"470",8.25,1,"Non-Active",3.58
"471",9.95,0,"Non-Active",3.85
"472",5.44,1,"Non-Active",3.34
"473",3.35,1,"Non-Active",3.52
"474",5.52,1,"Non-Active",3.93
"475",5.57,1,"Non-Active",3.1
"476",6.3,1,"Non-Active",3.16
"477",9.42,0,"Non-Active",4.55
"478",5.35,0,"Non-Active",3.71
"479",6.75,1,"Non-Active",3.07
"480",5.54,1,"Non-Active",3.94
"481",6.04,1,"Non-Active",4.66
"482",6.63,1,"Non-Active",4.33
"483",8.66,1,"Non-Active",4.22
"484",6.24,1,"Non-Active",4.59
"485",7.43,0,"Non-Active",3.61
"486",7.56,1,"Non-Active",4.36
"487",7.83,0,"Non-Active",3.71
"488",4.85,1,"Non-Active",4
"489",9.25,0,"Non-Active",5.11
"490",5.24,1,"Non-Active",4.48
"491",5.79,0,"Non-Active",4.38
"492",8.81,0,"Non-Active",3.45
"493",8.59,0,"Non-Active",3.61
"494",3.82,1,"Non-Active",5.14
"495",4.25,0,"Non-Active",3.45
"496",3.28,2,"Non-Active",4.11
"497",6.36,0,"Non-Active",4.45
"498",6.33,0,"Non-Active",4.51
"499",6.73,1,"Non-Active",4.54
"500",7.1,1,"Non-Active",3.92
"501",4.8,1,"Non-Active",3.59
"502",4.01,0,"Non-Active",3.85
"503",8.05,1,"Non-Active",3.55
"504",7.5,0,"Non-Active",4.31
"505",2.98,2,"Non-Active",4.56
"506",5.81,1,"Non-Active",5.06
"507",4.21,0,"Non-Active",4.18
"508",1.86,5,"Non-Active",3.56
"509",6.3,1,"Non-Active",4.51
"510",5.84,1,"Non-Active",4.45
"511",5.81,1,"Non-Active",3.88
"512",6.43,0,"Non-Active",3.22
"513",7.76,0,"Non-Active",4.38
"514",6.41,1,"Non-Active",4.56
"515",4.77,1,"Non-Active",3.85
"516",4.53,0,"Non-Active",4.27
"517",5.74,0,"Non-Active",3.86
"518",6.62,0,"Non-Active",4.34
"519",3.92,1,"Non-Active",3.94
"520",5.63,0,"Non-Active",3.83
"521",7.93,0,"Non-Active",4.06
"522",5.78,1,"Non-Active",3.86
"523",4.6,1,"Non-Active",3.7
"524",5.45,0,"Non-Active",3.84
"525",8.23,1,"Non-Active",4
"526",7.1,1,"Non-Active",4.1
"527",8.47,0,"Non-Active",4.77
"528",6.28,0,"Non-Active",3.32
"529",6.82,0,"Non-Active",3.9
"530",4.88,0,"Non-Active",4.32
"531",7.21,0,"Non-Active",4.88
"532",4.99,1,"Non-Active",4.21
"533",3.16,1,"Non-Active",3.99
"534",6.26,0,"Non-Active",3.85
"535",9.89,0,"Non-Active",4.21
"536",7.6,0,"Non-Active",4.49
"537",8.33,0,"Non-Active",3.91
"538",6.72,0,"Non-Active",4.08
"539",4.78,0,"Non-Active",4.11
"540",5.6,0,"Non-Active",4.36
"541",5.45,0,"Non-Active",4.56
"542",5.06,1,"Non-Active",4.14
"543",7.41,1,"Non-Active",3.96
"544",3.61,0,"Non-Active",4.7
"545",7.73,0,"Non-Active",4.08
"546",7.73,1,"Non-Active",4.79
"547",3.6,2,"Non-Active",3.97
"548",7.28,1,"Non-Active",4.31
"549",10.86,0,"Non-Active",3.23
"550",4.89,1,"Non-Active",3.94
"551",7.69,1,"Non-Active",3.99
"552",4.44,0,"Non-Active",3.62
"553",8.22,0,"Non-Active",3.48
"554",6.5,0,"Non-Active",4.47
"555",9.3,0,"Non-Active",4.46
"556",3.08,0,"Non-Active",3.35
"557",5.9,1,"Non-Active",4.21
"558",4.95,1,"Non-Active",3.44
"559",5.61,0,"Non-Active",3.47
"560",4.74,1,"Non-Active",4.26
"561",4.33,1,"Non-Active",3.66
"562",7.16,0,"Non-Active",4.5
"563",3.82,1,"Non-Active",4.02
"564",8.97,0,"Non-Active",4.27
"565",3.63,1,"Non-Active",3.74
"566",6.2,0,"Non-Active",3.42
"567",7.07,0,"Non-Active",4.46
"568",7.17,0,"Non-Active",4.12
"569",5.4,1,"Non-Active",3.88
"570",6.16,0,"Non-Active",4.03
"571",7.92,0,"Non-Active",4.66
"572",3.09,1,"Non-Active",3.65
"573",4.44,0,"Non-Active",3.63
"574",6.64,1,"Non-Active",3.69
"575",5.11,0,"Non-Active",3.21
"576",8.74,0,"Non-Active",4.41
"577",7.35,0,"Non-Active",4.1
"578",6.14,1,"Non-Active",4.1
"579",2.98,3,"Non-Active",3.98
"580",6.05,1,"Non-Active",3.74
"581",5.37,1,"Non-Active",3.59
"582",5.8,1,"Non-Active",4.43
"583",3.64,2,"Non-Active",3.29
"584",7,0,"Non-Active",4.22
"585",3.92,0,"Non-Active",3.6
"586",5.55,1,"Non-Active",4.14
"587",6.76,0,"Non-Active",3.63
"588",4.43,0,"Non-Active",3.74
"589",7.17,1,"Non-Active",4.88
"590",3.37,1,"Non-Active",4.33
"591",0.38,12,"Non-Active",2.93
"592",6.93,0,"Non-Active",4.06
"593",7.68,1,"Non-Active",3.77
"594",5.43,1,"Non-Active",3.43
"595",7.01,0,"Non-Active",4.1
"596",3.69,2,"Non-Active",4.06
"597",5.75,1,"Non-Active",3.84
"598",2.12,2,"Non-Active",4.99
"599",8.36,0,"Non-Active",2.88
"600",9.72,0,"Non-Active",4.42
"601",8.15,0,"Non-Active",3.86
"602",5.95,1,"Non-Active",4.33
"603",5.93,0,"Non-Active",3.77
"604",2.97,3,"Non-Active",3.7
"605",7.58,0,"Non-Active",3.14
"606",5.58,1,"Non-Active",3.9
"607",4.69,0,"Non-Active",5.24
"608",3.18,1,"Non-Active",4.49
"609",5.4,0,"Non-Active",4.84
"610",4.3,1,"Non-Active",4.46
"611",5.21,1,"Non-Active",4.57
"612",3.56,2,"Non-Active",4.45
"613",9.38,1,"Non-Active",4.24
"614",5.97,1,"Non-Active",3.71
"615",8.15,1,"Non-Active",3.73
"616",0.8,15,"Non-Active",3.2
"617",5.09,1,"Non-Active",4
"618",4.65,1,"Non-Active",4.45
"619",3.55,2,"Non-Active",4.52
"620",9.09,1,"Non-Active",4.05
"621",3.17,3,"Non-Active",3.73
"622",6.64,1,"Non-Active",5.65
"623",7.69,0,"Non-Active",4.37
"624",6.36,1,"Non-Active",4.71
"625",4.25,1,"Non-Active",3.83
"626",7.88,0,"Non-Active",3.98
"627",6.34,1,"Non-Active",4.22
"628",3.87,0,"Non-Active",4.84
"629",3.22,1,"Non-Active",3.84
"630",10.17,1,"Non-Active",4.43
"631",4.64,0,"Non-Active",2.95
"632",2.29,3,"Non-Active",3.75
"633",7.07,0,"Non-Active",3.35
"634",6.62,0,"Non-Active",4.56
"635",3.29,1,"Non-Active",3.92
"636",2.11,6,"Non-Active",3.8
"637",5.77,0,"Non-Active",4.68
"638",8.28,0,"Non-Active",4.56
"639",7.27,1,"Non-Active",3.55
"640",5.01,0,"Non-Active",4.21
"641",4.33,0,"Non-Active",3.39
"642",6.54,0,"Non-Active",3.76
"643",6.31,1,"Non-Active",4.81
"644",7.26,0,"Non-Active",4.73
"645",5.21,0,"Non-Active",4.55
"646",7.8,1,"Non-Active",3.71
"647",4.34,1,"Non-Active",3.06
"648",5.34,1,"Non-Active",3.41
"649",7.48,0,"Non-Active",4.48
"650",7.98,1,"Non-Active",3.85
"651",2.12,4,"Non-Active",2.92
"652",6.21,0,"Non-Active",3.91
"653",7.22,1,"Non-Active",4.71
"654",3.1,3,"Non-Active",4.32
"655",6.96,0,"Non-Active",3.59
"656",4.34,1,"Non-Active",3.23
"657",8.04,1,"Non-Active",3.59
"658",7.08,1,"Non-Active",4.02
"659",7.54,0,"Non-Active",4.44
"660",6.24,0,"Non-Active",3.03
"661",7.73,0,"Non-Active",4.51
"662",8.76,1,"Non-Active",4
"663",9.93,1,"Non-Active",4.28
"664",5.94,1,"Non-Active",3.17
"665",1.5,2,"Non-Active",3.67
"666",6.06,0,"Non-Active",3.78
"667",6.41,1,"Non-Active",4.52
"668",5.69,0,"Non-Active",4.51
"669",7.14,0,"Non-Active",4.22
"670",8.02,0,"Non-Active",4.8
"671",4.96,0,"Non-Active",3.74
"672",5.41,0,"Non-Active",4.51
"673",6.8,0,"Non-Active",3.98
"674",4.9,0,"Non-Active",3.67
"675",6.18,0,"Non-Active",4.46
"676",2.08,4,"Non-Active",4.69
"677",3.76,1,"Non-Active",4.44
"678",3.34,1,"Non-Active",3.75
"679",4.29,0,"Non-Active",3.77
"680",4.61,0,"Non-Active",4.69
"681",6.76,0,"Non-Active",4.18
"682",7.96,0,"Non-Active",4.41
"683",4.55,0,"Non-Active",3.83
"684",4.01,0,"Non-Active",4.63
"685",3.92,1,"Non-Active",3.6
"686",5.17,1,"Non-Active",4.31
"687",5.52,1,"Non-Active",3.59
"688",6.97,1,"Non-Active",2.77
"689",5.36,1,"Non-Active",3.33
"690",1.84,3,"Non-Active",4.07
"691",5.82,0,"Non-Active",4.44
"692",8.37,0,"Non-Active",3.12
"693",8.38,0,"Non-Active",3.37
"694",4.42,1,"Non-Active",4.88
"695",2.9,2,"Non-Active",3.78
"696",10.92,1,"Non-Active",4.25
"697",5.68,0,"Non-Active",3.74
"698",5.81,0,"Non-Active",3.85
"699",6.84,1,"Non-Active",4.04
"700",2.77,1,"Non-Active",4.01
"701",4.54,1,"Civilian",3.9
"702",2.92,2,"Civilian",3.77
"703",4.61,1,"Civilian",2.48
"704",6.24,1,"Civilian",4.93
"705",3.27,1,"Civilian",4.9
"706",7.18,1,"Civilian",3.45
"707",6.58,1,"Civilian",3.92
"708",4.19,1,"Civilian",4.69
"709",6.45,1,"Civilian",4.5
"710",7.5,1,"Civilian",4.64
"711",8.12,1,"Civilian",3.46
"712",5.57,1,"Civilian",5.29
"713",5.81,1,"Civilian",3.43
"714",5.83,1,"Civilian",4.38
"715",8.88,1,"Civilian",4.07
"716",8.25,1,"Civilian",3.8
"717",7.67,1,"Civilian",3.81
"718",5.43,1,"Civilian",3.5
"719",6.75,1,"Civilian",4.81
"720",6.81,1,"Civilian",4.04
"721",3.92,2,"Civilian",4.13
"722",2.54,3,"Civilian",4.1
"723",7.28,0,"Civilian",3.81
"724",2.94,2,"Civilian",3.43
"725",6,1,"Civilian",4.13
"726",6.5,1,"Civilian",2.95
"727",7.13,1,"Civilian",3.29
"728",6.38,1,"Civilian",3.46
"729",4.53,1,"Civilian",3.46
"730",7.97,1,"Civilian",4.05
"731",9.48,1,"Civilian",4.8
"732",7.76,1,"Civilian",3.24
"733",2.11,4,"Civilian",4.22
"734",8.8,1,"Civilian",4.45
"735",5.89,1,"Civilian",3.51
"736",7.05,1,"Civilian",3.97
"737",7.24,1,"Civilian",4.41
"738",5.81,1,"Civilian",3.87
"739",5.85,1,"Civilian",3.89
"740",8.04,1,"Civilian",4.15
"741",7.42,1,"Civilian",3.97
"742",7.98,1,"Civilian",3.72
"743",10.77,1,"Civilian",3.93
"744",7.33,1,"Civilian",4.94
"745",6.41,1,"Civilian",4.44
"746",1.58,4,"Civilian",3.54
"747",11.38,1,"Civilian",3.38
"748",5.03,1,"Civilian",3.82
"749",10.75,1,"Civilian",4.66
"750",6.75,1,"Civilian",4.15
"751",9.08,1,"Civilian",3.65
"752",5.78,1,"Civilian",4.44
"753",7.02,1,"Civilian",3.93
"754",6.43,1,"Civilian",3.44
"755",5.63,1,"Civilian",4.23
"756",5.76,1,"Civilian",4.76
"757",8.03,1,"Civilian",4.22
"758",5.6,1,"Civilian",4.1
"759",1.92,5,"Civilian",3.67
"760",5.61,1,"Civilian",4.28
"761",7.08,1,"Civilian",3.46
"762",7.23,1,"Civilian",3.17
"763",7.23,1,"Civilian",3.98
"764",2.62,2,"Civilian",3.98
"765",6.74,1,"Civilian",5.18
"766",7.94,1,"Civilian",3.39
"767",8.55,1,"Civilian",4.09
"768",5.55,1,"Civilian",4.4
"769",5.36,1,"Civilian",4.53
"770",8.98,1,"Civilian",3.99
"771",2.66,2,"Civilian",3.63
"772",5.13,1,"Civilian",3.97
"773",6.91,1,"Civilian",4.97
"774",2.76,3,"Civilian",4.24
"775",6.56,1,"Civilian",2.98
"776",9.76,1,"Civilian",4.71
"777",5.99,1,"Civilian",4.27
"778",5.44,1,"Civilian",3.98
"779",6.95,1,"Civilian",3.99
"780",5.44,1,"Civilian",3.93
"781",7.63,1,"Civilian",4.13
"782",7.81,1,"Civilian",3.75
"783",6.01,1,"Civilian",4.14
"784",3.65,1,"Civilian",3.53
"785",3.36,1,"Civilian",4.1
"786",4.81,2,"Civilian",4.55
"787",7.59,1,"Civilian",4.25
"788",2.08,3,"Civilian",4.52
"789",2.23,4,"Civilian",3.45
"790",4.69,1,"Civilian",4.03
"791",6.79,1,"Civilian",4.31
"792",4.17,1,"Civilian",3.47
"793",7.77,1,"Civilian",4.78
"794",6.67,1,"Civilian",3.48
"795",5.66,1,"Civilian",4.08
"796",7.64,1,"Civilian",4.08
"797",6.78,1,"Civilian",4.06
"798",5.11,1,"Civilian",3.89
"799",6.46,1,"Civilian",4.22
"800",7.3,1,"Civilian",3.48
"801",6.71,1,"Civilian",3.36
"802",4.68,1,"Civilian",3.67
"803",7.71,1,"Civilian",3.97
"804",8.31,1,"Civilian",4.63
"805",6.55,1,"Civilian",4.79
"806",6.29,1,"Civilian",4.16
"807",5.85,1,"Civilian",4.19
"808",10.32,1,"Civilian",3.88
"809",6.55,1,"Civilian",4.02
"810",5.68,1,"Civilian",3.3
"811",0.98,8,"Civilian",4.14
"812",2.87,2,"Civilian",3.73
"813",5.84,1,"Civilian",4.17
"814",6.41,1,"Civilian",3.83
"815",6.55,1,"Civilian",3.67
"816",7.64,1,"Civilian",3.89
"817",5.61,1,"Civilian",3.82
"818",8.43,1,"Civilian",4.55
"819",4.16,1,"Civilian",4.1
"820",3.58,2,"Civilian",4.22
"821",3.54,2,"Civilian",3.38
"822",7.48,1,"Civilian",4.75
"823",5.83,1,"Civilian",4.08
"824",7.58,1,"Civilian",3.57
"825",5.46,1,"Civilian",4.15
"826",4.82,2,"Civilian",4.44
"827",5.26,1,"Civilian",3.31
"828",2.29,3,"Civilian",4.85
"829",3.66,1,"Civilian",3.92
"830",3.12,4,"Civilian",4.56
"831",8.11,1,"Civilian",4.04
"832",4.81,1,"Civilian",3.83
"833",7.58,0,"Civilian",3.08
"834",9.03,1,"Civilian",3.45
"835",5.62,1,"Civilian",3.98
"836",6.57,1,"Civilian",4.41
"837",2.5,5,"Civilian",3.06
"838",4.36,1,"Civilian",4.69
"839",6.11,1,"Civilian",4.7
"840",6.6,1,"Civilian",3.43
"841",4.48,1,"Civilian",4.24
"842",11.37,1,"Civilian",3.48
"843",5.08,1,"Civilian",3.94
"844",6.13,1,"Civilian",4.46
"845",7.3,1,"Civilian",4.43
"846",5.95,1,"Civilian",3.58
"847",4.71,1,"Civilian",3.81
"848",8.09,1,"Civilian",3.51
"849",9.23,1,"Civilian",4.17
"850",5.94,1,"Civilian",3.22
"851",7.12,1,"Civilian",2.69
"852",5.81,1,"Civilian",4.73
"853",8.03,1,"Civilian",5.14
"854",3.69,2,"Civilian",3.77
"855",10.64,1,"Civilian",4.38
"856",4.79,1,"Civilian",4
"857",3.08,2,"Civilian",4.74
"858",5.3,1,"Civilian",4.28
"859",6.29,1,"Civilian",4.1
"860",9.25,1,"Civilian",3.1
"861",7.82,1,"Civilian",4.54
"862",6.28,1,"Civilian",3.82
"863",3.22,2,"Civilian",3.3
"864",4.27,2,"Civilian",3.9
"865",5.67,1,"Civilian",3.94
"866",11.11,1,"Civilian",4.53
"867",2.28,3,"Civilian",3.42
"868",8.26,1,"Civilian",3.72
"869",4.95,1,"Civilian",4.74
"870",9.33,1,"Civilian",4.68
"871",3.72,3,"Civilian",4.58
"872",6.29,1,"Civilian",4.83
"873",3.8,1,"Civilian",4.1
"874",7.81,1,"Civilian",3.71
"875",8.97,1,"Civilian",4.28
"876",9.9,1,"Civilian",4.53
"877",7.6,1,"Civilian",5.21
"878",9.69,1,"Civilian",3.02
"879",8.49,1,"Civilian",4.14
"880",5.74,1,"Civilian",4.33
"881",6.95,1,"Civilian",3.97
"882",4.06,1,"Civilian",3.22
"883",5.63,1,"Civilian",4.37
"884",8.44,1,"Civilian",3.61
"885",7.08,1,"Civilian",4.25
"886",6.91,1,"Civilian",4.45
"887",3.92,1,"Civilian",4.64
"888",4.79,1,"Civilian",3.22
"889",4.47,1,"Civilian",4.54
"890",6.79,1,"Civilian",3.62
"891",4.02,1,"Civilian",3.36
"892",7.12,1,"Civilian",4.66
"893",3.77,1,"Civilian",4.57
"894",9.66,1,"Civilian",3.88
"895",6.92,1,"Civilian",4.38
"896",4.6,1,"Civilian",3.57
"897",6.48,1,"Civilian",3.92
"898",5.3,1,"Civilian",3.95
"899",6.74,1,"Civilian",3.86
"900",6.49,1,"Civilian",4.37
"901",3.97,1,"Civilian",4.77
"902",4.42,1,"Civilian",3.77
"903",6.6,1,"Civilian",3.98
"904",9.28,1,"Civilian",4.82
"905",8.17,1,"Civilian",3.84
"906",4.75,1,"Civilian",2.7
"907",7.65,1,"Civilian",4.26
"908",5.9,1,"Civilian",3.56
"909",6.6,1,"Civilian",3.5
"910",6.52,1,"Civilian",4.71
"911",11.15,1,"Civilian",5.22
"912",3.63,2,"Civilian",3.48
"913",6.2,1,"Civilian",4.52
"914",2.44,3,"Civilian",3.95
"915",7.18,1,"Civilian",4.07
"916",8.19,1,"Civilian",4.61
"917",8.89,1,"Civilian",4.11
"918",2.15,3,"Civilian",3.57
"919",6.83,1,"Civilian",3.76
"920",9.19,1,"Civilian",4.34
"921",5.17,1,"Civilian",2.83
"922",5.58,1,"Civilian",4.55
"923",5.93,1,"Civilian",3.22
"924",6.73,1,"Civilian",4.01
"925",7.33,1,"Civilian",3.9
"926",8.64,1,"Civilian",4.65
"927",5.81,1,"Civilian",4.09
"928",6.39,1,"Civilian",4.05
"929",10.98,1,"Civilian",4.35
"930",6.86,1,"Civilian",3.59
"931",6.38,1,"Civilian",3.9
"932",3.32,1,"Civilian",4.59
"933",6.01,1,"Civilian",4.34
"934",5.56,1,"Civilian",3.36
"935",5.98,1,"Civilian",4.32
"936",4.85,1,"Civilian",3.31
"937",4.63,1,"Civilian",3.7
"938",4.56,1,"Civilian",4.61
"939",5.57,1,"Civilian",2.87
"940",8.74,1,"Civilian",3.11
"941",8.1,1,"Civilian",4.65
"942",5.28,1,"Civilian",3.59
"943",2.63,2,"Civilian",4.62
"944",4.31,2,"Civilian",3.92
"945",5.08,1,"Civilian",4.21
"946",6.21,1,"Civilian",4.41
"947",4.67,1,"Civilian",3.67
"948",10.01,1,"Civilian",3.85
"949",5.46,1,"Civilian",3.79
"950",3.57,2,"Civilian",5.41
"951",5.72,1,"Civilian",4.06
"952",3.99,2,"Civilian",4.24
"953",6.31,1,"Civilian",3.83
"954",6.47,1,"Civilian",3.88
"955",6.71,1,"Civilian",4.69
"956",2.76,4,"Civilian",3.83
"957",6.44,1,"Civilian",4.01
"958",6.62,1,"Civilian",4.19
"959",3.16,2,"Civilian",3.78
"960",7.91,1,"Civilian",4.98
"961",7.57,1,"Civilian",3.29
"962",10.6,1,"Civilian",5.01
"963",6.31,1,"Civilian",3.82
"964",6.09,1,"Civilian",4.68
"965",6.19,1,"Civilian",3
"966",6.14,1,"Civilian",4.48
"967",2.3,2,"Civilian",4.44
"968",2.66,3,"Civilian",3.36
"969",5.84,1,"Civilian",3.62
"970",4.84,1,"Civilian",4.1
"971",6.11,1,"Civilian",4.57
"972",1.78,4,"Civilian",3.62
"973",3,4,"Civilian",3.89
"974",3.8,1,"Civilian",4.79
"975",7.97,2,"Civilian",3.44
"976",3.8,2,"Civilian",4.47
"977",4.4,1,"Civilian",4.22
"978",6.16,1,"Civilian",3.45
"979",5.35,1,"Civilian",3.67
"980",6.29,1,"Civilian",4.39
"981",10.61,1,"Civilian",4.12
"982",3.75,4,"Civilian",4.71
"983",5.39,1,"Civilian",3.7
"984",4.97,1,"Civilian",3.14
"985",9.02,1,"Civilian",4.52
"986",4.46,1,"Civilian",3.7
"987",5.84,1,"Civilian",4.06
"988",7.57,1,"Civilian",4.86
"989",3.88,1,"Civilian",3.87
"990",9.31,1,"Civilian",4.77
"991",7.35,1,"Civilian",3.45
"992",3.85,1,"Civilian",4.46
"993",6.91,1,"Civilian",4.12
"994",5.57,1,"Civilian",3.63
"995",6.63,1,"Civilian",3.36
"996",5.82,1,"Civilian",4.04
"997",8.14,1,"Civilian",4.13
"998",3.3,2,"Civilian",4.14
"999",4.95,1,"Civilian",4.27
"1000",5.5,1,"Civilian",3.77
